Timestamp,TrainAcc2D,CV2D,TrainAcc3D,CV3D
-0.02,0.6470588235294118,0.6654545454545454,0.7843137254901961,0.7636363636363637
-0.04,0.7058823529411765,0.6272727272727272,0.6862745098039216,0.6272727272727272
-0.06,0.7647058823529411,0.7436363636363637,0.7647058823529411,0.7036363636363636
-0.08,0.6666666666666666,0.6636363636363637,0.7647058823529411,0.7418181818181818
-0.10,0.803921568627451,0.7636363636363637,0.8235294117647058,0.7618181818181817
-0.12,0.803921568627451,0.7836363636363636,0.803921568627451,0.8018181818181818
-0.14,0.6274509803921569,0.6054545454545455,0.7254901960784313,0.6836363636363636
-0.16,0.6862745098039216,0.7236363636363636,0.7450980392156863,0.6636363636363636
-0.18,0.6666666666666666,0.6854545454545455,0.7450980392156863,0.6836363636363636
-0.20,0.5882352941176471,0.5672727272727272,0.7843137254901961,0.8018181818181818
-0.22,0.7058823529411765,0.6454545454545454,0.6862745098039216,0.6836363636363636
-0.24,0.6666666666666666,0.6254545454545455,0.7058823529411765,0.6636363636363637
-0.26,0.6470588235294118,0.6254545454545454,0.7058823529411765,0.6854545454545455
-0.28,0.6274509803921569,0.6254545454545455,0.7254901960784313,0.6636363636363637
-0.30,0.6862745098039216,0.6654545454545454,0.7647058823529411,0.7436363636363635
-0.32,0.6470588235294118,0.6054545454545455,0.7450980392156863,0.7036363636363637
-0.34,0.6274509803921569,0.6036363636363637,0.6862745098039216,0.6254545454545455
-0.36,0.6274509803921569,0.5836363636363637,0.6862745098039216,0.6836363636363638
-0.38,0.6470588235294118,0.6236363636363638,0.6862745098039216,0.6254545454545454
-0.40,0.6078431372549019,0.5854545454545456,0.6862745098039216,0.5836363636363636
-0.42,0.6470588235294118,0.6672727272727272,0.6274509803921569,0.5872727272727273
-0.44,0.6078431372549019,0.5709090909090909,0.6274509803921569,0.5309090909090909
-0.46,0.5882352941176471,0.5072727272727272,0.6078431372549019,0.5272727272727272
-0.48,0.6274509803921569,0.5072727272727272,0.6274509803921569,0.4872727272727272
-0.50,0.6470588235294118,0.44909090909090904,0.6470588235294118,0.5072727272727272
-0.52,0.6470588235294118,0.46909090909090906,0.6666666666666666,0.4909090909090909
-0.54,0.6666666666666666,0.509090909090909,0.5490196078431373,0.4727272727272728
-0.56,0.6078431372549019,0.5636363636363636,0.6862745098039216,0.6290909090909091
-0.58,0.6274509803921569,0.5890909090909091,0.7254901960784313,0.7036363636363637
-0.60,0.6078431372549019,0.6236363636363637,0.6470588235294118,0.6436363636363637
-0.62,0.49019607843137253,0.3709090909090909,0.6862745098039216,0.609090909090909
-0.64,0.5490196078431373,0.509090909090909,0.6666666666666666,0.6272727272727272
-0.66,0.6078431372549019,0.5072727272727272,0.6274509803921569,0.5854545454545456
-0.68,0.5882352941176471,0.5854545454545456,0.6666666666666666,0.5854545454545456
-0.70,0.5882352941176471,0.5872727272727273,0.6274509803921569,0.5272727272727272
-0.72,0.5294117647058824,0.3745454545454545,0.6274509803921569,0.5490909090909091
-0.74,0.5882352941176471,0.4490909090909091,0.6470588235294118,0.5654545454545454
-0.76,0.5686274509803921,0.3745454545454545,0.6078431372549019,0.6436363636363637
-0.78,0.7058823529411765,0.6836363636363636,0.7450980392156863,0.6490909090909092
-0.80,0.7254901960784313,0.7018181818181819,0.7450980392156863,0.6509090909090909
-0.82,0.6470588235294118,0.5872727272727273,0.7058823529411765,0.7072727272727273
-0.84,0.6078431372549019,0.5690909090909091,0.6666666666666666,0.6690909090909091
-0.86,0.6666666666666666,0.6072727272727273,0.6078431372549019,0.5272727272727272
-0.88,0.7058823529411765,0.5890909090909091,0.7254901960784313,0.6854545454545455
-0.90,0.6666666666666666,0.5872727272727272,0.7647058823529411,0.6090909090909091
-0.92,0.6078431372549019,0.4909090909090909,0.7450980392156863,0.7272727272727273
-0.94,0.6470588235294118,0.6072727272727273,0.6862745098039216,0.7272727272727273
-0.96,0.6274509803921569,0.5672727272727272,0.7450980392156863,0.7072727272727274
-0.98,0.5686274509803921,0.42727272727272725,0.7647058823529411,0.6872727272727273
-1.00,0.5294117647058824,0.3290909090909091,0.7647058823529411,0.6872727272727273
-1.02,0.5490196078431373,0.42727272727272736,0.7254901960784313,0.6872727272727273
-1.04,0.6078431372549019,0.4290909090909091,0.6862745098039216,0.6672727272727274
-1.06,0.6470588235294118,0.5290909090909091,0.6666666666666666,0.5472727272727272
-1.08,0.6862745098039216,0.5872727272727273,0.6470588235294118,0.6072727272727272
-1.10,0.6862745098039216,0.6854545454545454,0.6470588235294118,0.5672727272727272
-1.12,0.6666666666666666,0.6272727272727272,0.6666666666666666,0.5872727272727273
-1.14,0.6274509803921569,0.5890909090909091,0.6470588235294118,0.5472727272727272
-1.16,0.6470588235294118,0.44727272727272727,0.6862745098039216,0.6072727272727273
-1.18,0.5882352941176471,0.5472727272727271,0.7058823529411765,0.6290909090909091
-1.20,0.6274509803921569,0.5672727272727273,0.7058823529411765,0.5654545454545454
-1.22,0.6862745098039216,0.6672727272727274,0.6274509803921569,0.6654545454545454
-1.24,0.7254901960784313,0.7272727272727273,0.6666666666666666,0.6072727272727272
-1.26,0.5882352941176471,0.44727272727272727,0.6470588235294118,0.4890909090909091
-1.28,0.7254901960784313,0.7472727272727273,0.7058823529411765,0.7072727272727273
-1.30,0.7254901960784313,0.7272727272727273,0.6862745098039216,0.6672727272727272
-1.32,0.6666666666666666,0.6672727272727272,0.6862745098039216,0.6472727272727272
-1.34,0.6470588235294118,0.5490909090909091,0.6470588235294118,0.5690909090909091
-1.36,0.6470588235294118,0.6272727272727273,0.6666666666666666,0.6472727272727272
-1.38,0.5294117647058824,0.4927272727272728,0.6078431372549019,0.6272727272727273
-1.40,0.5686274509803921,0.4909090909090909,0.7450980392156863,0.7272727272727273
-1.42,0.5882352941176471,0.6090909090909091,0.6862745098039216,0.6472727272727272
-1.44,0.6274509803921569,0.6090909090909091,0.6666666666666666,0.6472727272727272
-1.46,0.6274509803921569,0.5890909090909091,0.6666666666666666,0.6872727272727273
-1.48,0.6078431372549019,0.6090909090909091,0.6666666666666666,0.6472727272727272
-1.50,0.47058823529411764,0.2963636363636364,0.6274509803921569,0.5690909090909091
-1.52,0.5294117647058824,0.4127272727272728,0.5882352941176471,0.509090909090909
-1.54,0.6274509803921569,0.530909090909091,0.5882352941176471,0.5472727272727272
-1.56,0.6470588235294118,0.4909090909090909,0.6470588235294118,0.5672727272727274
-1.58,0.5686274509803921,0.4909090909090909,0.6274509803921569,0.5672727272727272
-1.60,0.5882352941176471,0.5490909090909091,0.5686274509803921,0.5672727272727272
-1.62,0.49019607843137253,0.510909090909091,0.5686274509803921,0.5272727272727272
-1.64,0.5294117647058824,0.4709090909090909,0.5686274509803921,0.5472727272727272
-1.66,0.5490196078431373,0.4709090909090909,0.5686274509803921,0.5272727272727272
-1.68,0.5490196078431373,0.4890909090909091,0.5882352941176471,0.4709090909090909
-1.70,0.6078431372549019,0.4490909090909091,0.6078431372549019,0.4709090909090909
-1.72,0.5882352941176471,0.4690909090909091,0.5882352941176471,0.509090909090909
-1.74,0.47058823529411764,0.43090909090909085,0.6470588235294118,0.5290909090909091
-1.76,0.5098039215686274,0.43272727272727274,0.5882352941176471,0.4872727272727272
-1.78,0.5686274509803921,0.45272727272727276,0.5882352941176471,0.5490909090909091
-1.80,0.5294117647058824,0.37272727272727274,0.5882352941176471,0.5472727272727272
-1.82,0.5882352941176471,0.4290909090909091,0.5490196078431373,0.4890909090909091
-1.84,0.6078431372549019,0.40909090909090906,0.5882352941176471,0.45090909090909087
-1.86,0.5490196078431373,0.43090909090909085,0.5098039215686274,0.3927272727272727
-1.88,0.5294117647058824,0.43090909090909096,0.5294117647058824,0.45090909090909087
-1.90,0.5294117647058824,0.43090909090909085,0.49019607843137253,0.4690909090909091
-1.92,0.5882352941176471,0.4545454545454545,0.5490196078431373,0.510909090909091
-1.94,0.49019607843137253,0.45272727272727276,0.6666666666666666,0.5327272727272727
-1.96,0.47058823529411764,0.41454545454545455,0.6470588235294118,0.5509090909090909
-1.98,0.5882352941176471,0.49090909090909085,0.5294117647058824,0.41090909090909084
-2.00,0.5882352941176471,0.4945454545454545,0.5294117647058824,0.5127272727272727
-2.02,0.43137254901960786,0.4545454545454545,0.49019607843137253,0.43272727272727274
-2.04,0.47058823529411764,0.4127272727272727,0.6078431372549019,0.5727272727272726
-2.06,0.47058823529411764,0.41090909090909095,0.5882352941176471,0.45272727272727276
-2.08,0.49019607843137253,0.4709090909090909,0.6078431372549019,0.45272727272727276
-2.10,0.6274509803921569,0.46909090909090906,0.49019607843137253,0.4909090909090909
-2.12,0.6470588235294118,0.4890909090909091,0.5294117647058824,0.4127272727272727
-2.14,0.6666666666666666,0.5290909090909091,0.5294117647058824,0.39636363636363636
-2.16,0.6666666666666666,0.509090909090909,0.6078431372549019,0.45636363636363636
-2.18,0.5490196078431373,0.46909090909090906,0.5490196078431373,0.3927272727272727
-2.20,0.5882352941176471,0.5290909090909091,0.5686274509803921,0.4727272727272728
-2.22,0.6078431372549019,0.4690909090909091,0.5490196078431373,0.44909090909090904
-2.24,0.5686274509803921,0.5690909090909091,0.5490196078431373,0.43272727272727274
-2.26,0.5686274509803921,0.5490909090909091,0.5490196078431373,0.45090909090909087
-2.28,0.5294117647058824,0.49090909090909085,0.5294117647058824,0.4709090909090909
-2.30,0.47058823529411764,0.47090909090909083,0.5098039215686274,0.43090909090909085
-2.32,0.5294117647058824,0.509090909090909,0.5490196078431373,0.45090909090909087
-2.34,0.5294117647058824,0.5327272727272727,0.5490196078431373,0.4709090909090909
-2.36,0.5490196078431373,0.5490909090909091,0.5686274509803921,0.43090909090909085
-2.38,0.5686274509803921,0.5309090909090909,0.5686274509803921,0.510909090909091
-2.40,0.5686274509803921,0.5509090909090909,0.6078431372549019,0.46909090909090906
-2.42,0.5686274509803921,0.5272727272727272,0.5294117647058824,0.40909090909090906
-2.44,0.5882352941176471,0.5272727272727272,0.5882352941176471,0.4290909090909091
-2.46,0.5882352941176471,0.48909090909090897,0.5882352941176471,0.41090909090909095
-2.48,0.5686274509803921,0.43090909090909085,0.5882352941176471,0.43090909090909085
-2.50,0.6274509803921569,0.5309090909090909,0.6470588235294118,0.5309090909090909
-2.52,0.6078431372549019,0.5490909090909091,0.6078431372549019,0.5509090909090909
-2.54,0.5490196078431373,0.4690909090909091,0.6078431372549019,0.41090909090909095
-2.56,0.5098039215686274,0.4690909090909091,0.5882352941176471,0.43090909090909096
-2.58,0.45098039215686275,0.3709090909090909,0.5490196078431373,0.43090909090909085
-2.60,0.47058823529411764,0.3327272727272727,0.5882352941176471,0.450909090909091
-2.62,0.5490196078431373,0.40727272727272723,0.5294117647058824,0.2963636363636364
-2.64,0.49019607843137253,0.29454545454545455,0.5686274509803921,0.4490909090909091
-2.66,0.5294117647058824,0.45272727272727276,0.5686274509803921,0.41090909090909095
-2.68,0.5882352941176471,0.4745454545454545,0.5294117647058824,0.49090909090909085
-2.70,0.5882352941176471,0.5509090909090909,0.5882352941176471,0.5327272727272727
-2.72,0.5294117647058824,0.4709090909090909,0.5882352941176471,0.45090909090909087
-2.74,0.5294117647058824,0.4127272727272727,0.5882352941176471,0.510909090909091
-2.76,0.5294117647058824,0.4890909090909091,0.5686274509803921,0.43454545454545457
-2.78,0.49019607843137253,0.5272727272727273,0.5294117647058824,0.4709090909090909
-2.80,0.5490196078431373,0.4709090909090909,0.5686274509803921,0.5490909090909091
-2.82,0.5686274509803921,0.5290909090909091,0.5294117647058824,0.5490909090909091
-2.84,0.5294117647058824,0.5254545454545454,0.5294117647058824,0.5454545454545454
-2.86,0.5490196078431373,0.5254545454545455,0.5490196078431373,0.5654545454545454
-2.88,0.5686274509803921,0.5290909090909091,0.5686274509803921,0.4690909090909091
-2.90,0.5490196078431373,0.5309090909090909,0.5490196078431373,0.5309090909090909
-2.92,0.5490196078431373,0.510909090909091,0.5686274509803921,0.4709090909090909
-2.94,0.6078431372549019,0.4909090909090909,0.5686274509803921,0.4709090909090909
-2.96,0.6078431372549019,0.6090909090909091,0.6078431372549019,0.550909090909091
-2.98,0.5490196078431373,0.5727272727272728,0.6666666666666666,0.6090909090909091
-3.00,0.5882352941176471,0.5272727272727272,0.6078431372549019,0.45272727272727276
-3.02,0.5882352941176471,0.5472727272727272,0.5490196078431373,0.5472727272727272
-3.04,0.5098039215686274,0.4709090909090909,0.6666666666666666,0.6072727272727273
-3.06,0.6078431372549019,0.5672727272727272,0.6666666666666666,0.5872727272727273
-3.08,0.5686274509803921,0.5472727272727272,0.7058823529411765,0.6636363636363637
-3.10,0.5882352941176471,0.5490909090909091,0.6666666666666666,0.6654545454545455
-3.12,0.6274509803921569,0.5509090909090909,0.6666666666666666,0.6472727272727273
-3.14,0.49019607843137253,0.4927272727272727,0.5686274509803921,0.5127272727272727
-3.16,0.5098039215686274,0.4127272727272727,0.5294117647058824,0.5345454545454545
-3.18,0.5294117647058824,0.45272727272727276,0.5098039215686274,0.4927272727272727
-3.20,0.5098039215686274,0.47272727272727266,0.49019607843137253,0.4927272727272727
-3.22,0.6078431372549019,0.5909090909090909,0.6078431372549019,0.5345454545454545
-3.24,0.5294117647058824,0.43272727272727274,0.5490196078431373,0.3527272727272728
-3.26,0.5882352941176471,0.5490909090909091,0.6078431372549019,0.46909090909090906
-3.28,0.49019607843137253,0.39090909090909093,0.5882352941176471,0.5127272727272727
-3.30,0.6274509803921569,0.5309090909090909,0.7058823529411765,0.5890909090909091
-3.32,0.6078431372549019,0.4927272727272728,0.5882352941176471,0.4872727272727272
-3.34,0.5882352941176471,0.5290909090909091,0.5294117647058824,0.5690909090909091
-3.36,0.5490196078431373,0.5527272727272727,0.5882352941176471,0.49090909090909085
-3.38,0.5686274509803921,0.5472727272727272,0.5490196078431373,0.5309090909090909
-3.40,0.5686274509803921,0.510909090909091,0.5294117647058824,0.43090909090909085
-3.42,0.5490196078431373,0.5527272727272727,0.5882352941176471,0.4927272727272728
-3.44,0.5490196078431373,0.5327272727272726,0.6078431372549019,0.550909090909091
-3.46,0.5686274509803921,0.5509090909090908,0.5490196078431373,0.510909090909091
-3.48,0.5294117647058824,0.5127272727272727,0.5686274509803921,0.5309090909090909
-3.50,0.6078431372549019,0.5290909090909091,0.6470588235294118,0.6690909090909092
-3.52,0.6078431372549019,0.4890909090909091,0.6470588235294118,0.6472727272727272
-3.54,0.5882352941176471,0.5909090909090908,0.6078431372549019,0.5890909090909091
-3.56,0.6078431372549019,0.609090909090909,0.6470588235294118,0.6290909090909091
-3.58,0.5686274509803921,0.5690909090909091,0.5686274509803921,0.5690909090909091
-3.60,0.5098039215686274,0.509090909090909,0.7450980392156863,0.6854545454545454
-3.62,0.5098039215686274,0.4909090909090909,0.6666666666666666,0.6054545454545455
-3.64,0.5490196078431373,0.4709090909090909,0.6666666666666666,0.6254545454545454
-3.66,0.5098039215686274,0.39090909090909093,0.7647058823529411,0.7436363636363637
-3.68,0.5294117647058824,0.37090909090909085,0.5882352941176471,0.5036363636363637
-3.70,0.5294117647058824,0.4672727272727273,0.6078431372549019,0.5290909090909091
-3.72,0.5098039215686274,0.3727272727272727,0.7254901960784313,0.7054545454545454
-3.74,0.5882352941176471,0.5490909090909091,0.6666666666666666,0.6454545454545455
-3.76,0.5882352941176471,0.510909090909091,0.5882352941176471,0.5890909090909091
-3.78,0.5882352941176471,0.5690909090909091,0.6666666666666666,0.6272727272727273
-3.80,0.6274509803921569,0.6090909090909091,0.6470588235294118,0.5490909090909091
-3.82,0.5882352941176471,0.5690909090909091,0.6862745098039216,0.6654545454545454
-3.84,0.6470588235294118,0.6072727272727272,0.6666666666666666,0.6836363636363636
-3.86,0.6078431372549019,0.570909090909091,0.6078431372549019,0.5490909090909091
-3.88,0.6078431372549019,0.570909090909091,0.5882352941176471,0.5890909090909091
-3.90,0.6078431372549019,0.570909090909091,0.6078431372549019,0.5690909090909091
-3.92,0.6274509803921569,0.5890909090909091,0.6862745098039216,0.6454545454545454
-3.94,0.5882352941176471,0.5672727272727272,0.6862745098039216,0.6472727272727272
-3.96,0.5882352941176471,0.5690909090909091,0.6470588235294118,0.6272727272727273
-3.98,0.6078431372549019,0.610909090909091,0.6470588235294118,0.630909090909091
-4.00,0.6078431372549019,0.6109090909090908,0.6470588235294118,0.610909090909091
-4.02,0.6470588235294118,0.6490909090909092,0.6470588235294118,0.5909090909090909
-4.04,0.6470588235294118,0.6509090909090909,0.6078431372549019,0.5909090909090909
-4.06,0.6470588235294118,0.6509090909090909,0.6078431372549019,0.5909090909090909
-4.08,0.6470588235294118,0.6109090909090908,0.6078431372549019,0.5909090909090909
-4.10,0.6470588235294118,0.6672727272727272,0.6666666666666666,0.6672727272727272
-4.12,0.6470588235294118,0.6872727272727273,0.6470588235294118,0.6672727272727272
-4.14,0.6862745098039216,0.6872727272727274,0.6666666666666666,0.6472727272727273
-4.16,0.6862745098039216,0.6872727272727274,0.6666666666666666,0.6472727272727273
-4.18,0.6862745098039216,0.6672727272727272,0.6470588235294118,0.6472727272727272
-4.20,0.7058823529411765,0.6472727272727272,0.6470588235294118,0.6472727272727273
-4.22,0.7058823529411765,0.6672727272727274,0.6470588235294118,0.6272727272727272
-4.24,0.7254901960784313,0.7454545454545455,0.6666666666666666,0.7072727272727273
-4.26,0.7058823529411765,0.6854545454545454,0.7058823529411765,0.6472727272727273
-4.28,0.7254901960784313,0.7054545454545456,0.7058823529411765,0.6872727272727274
-4.30,0.7450980392156863,0.7054545454545456,0.7058823529411765,0.7072727272727274
-4.32,0.7843137254901961,0.6654545454545454,0.6666666666666666,0.6454545454545455
-4.34,0.6078431372549019,0.5290909090909091,0.6666666666666666,0.6072727272727273
-4.36,0.6078431372549019,0.5472727272727272,0.6666666666666666,0.6072727272727273
-4.38,0.6274509803921569,0.5272727272727272,0.6666666666666666,0.6072727272727273
-4.40,0.5882352941176471,0.5272727272727272,0.6470588235294118,0.6272727272727272
-4.42,0.5098039215686274,0.40909090909090906,0.7058823529411765,0.6472727272727272
-4.44,0.5686274509803921,0.4890909090909091,0.7254901960784313,0.6890909090909091
-4.46,0.5490196078431373,0.509090909090909,0.6862745098039216,0.7090909090909092
-4.48,0.49019607843137253,0.4890909090909091,0.6862745098039216,0.6672727272727272
-4.50,0.5294117647058824,0.5072727272727272,0.6862745098039216,0.6872727272727273
-4.52,0.5490196078431373,0.509090909090909,0.7058823529411765,0.7036363636363637
-4.54,0.5686274509803921,0.4909090909090909,0.7254901960784313,0.7036363636363637
-4.56,0.6274509803921569,0.5909090909090908,0.7254901960784313,0.7254545454545454
-4.58,0.6470588235294118,0.609090909090909,0.6862745098039216,0.6272727272727272
-4.60,0.6274509803921569,0.6072727272727273,0.6666666666666666,0.6072727272727272
-4.62,0.6470588235294118,0.5872727272727273,0.6666666666666666,0.6472727272727272
-4.64,0.5882352941176471,0.5672727272727273,0.6274509803921569,0.6072727272727272
-4.66,0.7058823529411765,0.6672727272727272,0.7058823529411765,0.6672727272727272
-4.68,0.5882352941176471,0.5672727272727273,0.6274509803921569,0.6672727272727272
-4.70,0.6078431372549019,0.550909090909091,0.6470588235294118,0.5854545454545453
-4.72,0.5686274509803921,0.5472727272727272,0.6078431372549019,0.4709090909090909
-4.74,0.5882352941176471,0.5472727272727272,0.6470588235294118,0.6654545454545455
-4.76,0.49019607843137253,0.4709090909090909,0.7254901960784313,0.7054545454545454
-4.78,0.5294117647058824,0.44727272727272727,0.6078431372549019,0.6072727272727273
-4.80,0.5294117647058824,0.48545454545454547,0.6666666666666666,0.6636363636363637
-4.82,0.5294117647058824,0.4672727272727273,0.7450980392156863,0.6690909090909092
-4.84,0.5686274509803921,0.40909090909090917,0.7058823529411765,0.6690909090909092
-4.86,0.5294117647058824,0.509090909090909,0.6666666666666666,0.6072727272727273
-4.88,0.5294117647058824,0.5290909090909091,0.6274509803921569,0.5909090909090909
-4.90,0.5686274509803921,0.509090909090909,0.5686274509803921,0.5636363636363637
-4.92,0.5490196078431373,0.49090909090909085,0.5686274509803921,0.4890909090909091
-4.94,0.6274509803921569,0.5872727272727272,0.6862745098039216,0.6090909090909091
-4.96,0.5686274509803921,0.550909090909091,0.6470588235294118,0.4909090909090909
-4.98,0.5490196078431373,0.4709090909090909,0.6666666666666666,0.6036363636363637
-5.00,0.6470588235294118,0.5909090909090909,0.6666666666666666,0.5509090909090909
0.00,0.7058823529411765,0.6854545454545455,0.6666666666666666,0.7054545454545454
0.02,0.5686274509803921,0.5272727272727272,0.6862745098039216,0.6636363636363637
0.04,0.6078431372549019,0.5472727272727272,0.6666666666666666,0.6672727272727272
0.06,0.5686274509803921,0.5472727272727272,0.6078431372549019,0.5654545454545454
0.08,0.5882352941176471,0.5272727272727272,0.5882352941176471,0.5072727272727272
0.10,0.5098039215686274,0.5272727272727272,0.5686274509803921,0.5272727272727272
0.12,0.5490196078431373,0.5490909090909091,0.5882352941176471,0.5472727272727272
0.14,0.6274509803921569,0.5890909090909091,0.6078431372549019,0.5672727272727272
0.16,0.6078431372549019,0.5490909090909091,0.6274509803921569,0.6072727272727272
0.18,0.5490196078431373,0.4909090909090909,0.5686274509803921,0.5472727272727272
0.20,0.6274509803921569,0.5709090909090909,0.6078431372549019,0.5872727272727273
0.22,0.5490196078431373,0.4909090909090909,0.6470588235294118,0.5472727272727272
0.24,0.5882352941176471,0.5472727272727272,0.5882352941176471,0.5072727272727272
0.26,0.5294117647058824,0.510909090909091,0.6470588235294118,0.5709090909090909
0.28,0.6274509803921569,0.6272727272727273,0.6274509803921569,0.5709090909090909
0.30,0.5882352941176471,0.5290909090909091,0.6274509803921569,0.6254545454545455
0.32,0.6274509803921569,0.6072727272727272,0.6666666666666666,0.6454545454545455
0.34,0.5490196078431373,0.5309090909090909,0.6078431372549019,0.6272727272727273
0.36,0.6078431372549019,0.5490909090909091,0.6274509803921569,0.5690909090909091
0.38,0.5686274509803921,0.5690909090909091,0.6666666666666666,0.649090909090909
0.40,0.5882352941176471,0.5890909090909091,0.5882352941176471,0.610909090909091
0.42,0.5098039215686274,0.510909090909091,0.6666666666666666,0.649090909090909
0.44,0.5490196078431373,0.45090909090909087,0.6862745098039216,0.6290909090909091
0.46,0.47058823529411764,0.3945454545454546,0.7450980392156863,0.6872727272727273
0.48,0.5490196078431373,0.5890909090909091,0.7254901960784313,0.7254545454545454
0.50,0.5294117647058824,0.5127272727272727,0.7254901960784313,0.7254545454545454
0.52,0.49019607843137253,0.3527272727272727,0.6470588235294118,0.649090909090909
0.54,0.5098039215686274,0.39090909090909093,0.7058823529411765,0.649090909090909
0.56,0.5490196078431373,0.4672727272727273,0.6274509803921569,0.5745454545454545
0.58,0.6274509803921569,0.5690909090909091,0.6666666666666666,0.5927272727272728
0.60,0.6470588235294118,0.5290909090909091,0.6078431372549019,0.6145454545454545
0.62,0.6274509803921569,0.4709090909090909,0.6470588235294118,0.5745454545454545
0.64,0.6274509803921569,0.5309090909090909,0.6470588235294118,0.6127272727272727
0.66,0.7058823529411765,0.6490909090909092,0.7450980392156863,0.6745454545454546
0.68,0.7058823529411765,0.6872727272727273,0.6862745098039216,0.6527272727272727
0.70,0.6862745098039216,0.6690909090909092,0.7450980392156863,0.7272727272727272
0.72,0.5686274509803921,0.5072727272727272,0.6862745098039216,0.5909090909090909
0.74,0.5882352941176471,0.509090909090909,0.6862745098039216,0.649090909090909
0.76,0.6666666666666666,0.6872727272727273,0.6862745098039216,0.6290909090909091
0.78,0.7058823529411765,0.6672727272727274,0.6862745098039216,0.6654545454545454
0.80,0.6078431372549019,0.4927272727272727,0.5882352941176471,0.5890909090909091
0.82,0.5686274509803921,0.5290909090909091,0.6274509803921569,0.5690909090909091
0.84,0.6078431372549019,0.5127272727272728,0.5686274509803921,0.530909090909091
0.86,0.6078431372549019,0.6309090909090909,0.5686274509803921,0.5927272727272728
0.88,0.6862745098039216,0.6290909090909091,0.6078431372549019,0.5527272727272727
0.90,0.6666666666666666,0.610909090909091,0.6470588235294118,0.550909090909091
0.92,0.6078431372549019,0.5909090909090908,0.6078431372549019,0.530909090909091
0.94,0.6078431372549019,0.5509090909090909,0.6078431372549019,0.510909090909091
0.96,0.47058823529411764,0.4254545454545454,0.5882352941176471,0.4890909090909091
0.98,0.6078431372549019,0.5072727272727273,0.5686274509803921,0.509090909090909
1.00,0.5490196078431373,0.5472727272727272,0.49019607843137253,0.49090909090909085
1.02,0.5882352941176471,0.510909090909091,0.5882352941176471,0.5690909090909091
1.04,0.5686274509803921,0.5490909090909091,0.6666666666666666,0.5872727272727273
1.06,0.5490196078431373,0.5054545454545455,0.6274509803921569,0.5690909090909091
1.08,0.6274509803921569,0.6054545454545455,0.5882352941176471,0.6236363636363637
1.10,0.5098039215686274,0.48545454545454547,0.5294117647058824,0.44909090909090904
1.12,0.5294117647058824,0.40909090909090906,0.6470588235294118,0.5472727272727272
1.14,0.6274509803921569,0.41090909090909095,0.5686274509803921,0.41090909090909084
1.16,0.5882352941176471,0.45090909090909087,0.6274509803921569,0.4709090909090909
1.18,0.6274509803921569,0.43454545454545457,0.6274509803921569,0.47272727272727266
1.20,0.6470588235294118,0.5327272727272727,0.6078431372549019,0.4927272727272727
1.22,0.49019607843137253,0.39454545454545453,0.6666666666666666,0.5490909090909091
1.24,0.5882352941176471,0.49090909090909085,0.6274509803921569,0.5909090909090909
1.26,0.6274509803921569,0.5490909090909091,0.6274509803921569,0.6090909090909091
1.28,0.5490196078431373,0.509090909090909,0.5882352941176471,0.4890909090909091
1.30,0.5490196078431373,0.509090909090909,0.6078431372549019,0.5490909090909091
1.32,0.49019607843137253,0.4709090909090909,0.5686274509803921,0.550909090909091
1.34,0.5294117647058824,0.41090909090909095,0.5686274509803921,0.5127272727272728
1.36,0.5490196078431373,0.43272727272727274,0.5686274509803921,0.5309090909090909
1.38,0.5098039215686274,0.37454545454545457,0.6078431372549019,0.530909090909091
1.40,0.47058823529411764,0.39272727272727276,0.5882352941176471,0.550909090909091
1.42,0.5098039215686274,0.3527272727272727,0.5686274509803921,0.5127272727272727
1.44,0.45098039215686275,0.3145454545454546,0.5294117647058824,0.4927272727272728
1.46,0.5490196078431373,0.39454545454545453,0.5294117647058824,0.45272727272727276
1.48,0.47058823529411764,0.35454545454545455,0.5294117647058824,0.43272727272727274
1.50,0.49019607843137253,0.41090909090909095,0.6078431372549019,0.5309090909090909
1.52,0.43137254901960786,0.39272727272727276,0.6470588235294118,0.5709090909090909
1.54,0.47058823529411764,0.39272727272727276,0.5686274509803921,0.570909090909091
1.56,0.45098039215686275,0.37272727272727274,0.5294117647058824,0.510909090909091
1.58,0.5294117647058824,0.39272727272727276,0.5882352941176471,0.5327272727272727
1.60,0.45098039215686275,0.3345454545454546,0.5098039215686274,0.45272727272727276
1.62,0.49019607843137253,0.39454545454545453,0.47058823529411764,0.45272727272727276
1.64,0.47058823529411764,0.4727272727272728,0.49019607843137253,0.43454545454545457
1.66,0.5490196078431373,0.4745454545454545,0.5490196078431373,0.4545454545454545
1.68,0.6078431372549019,0.5163636363636364,0.6078431372549019,0.4745454545454545
1.70,0.5490196078431373,0.5163636363636364,0.5490196078431373,0.5145454545454545
1.72,0.5882352941176471,0.5127272727272728,0.5686274509803921,0.39454545454545453
1.74,0.5490196078431373,0.4545454545454545,0.6470588235294118,0.3545454545454546
1.76,0.5294117647058824,0.43454545454545457,0.5882352941176471,0.3545454545454546
1.78,0.5686274509803921,0.5145454545454545,0.5294117647058824,0.43272727272727274
1.80,0.5686274509803921,0.4927272727272728,0.5490196078431373,0.43454545454545457
1.82,0.5686274509803921,0.45272727272727276,0.5490196078431373,0.3563636363636363
1.84,0.6078431372549019,0.43454545454545457,0.6078431372549019,0.43636363636363634
1.86,0.6078431372549019,0.4745454545454545,0.6078431372549019,0.4727272727272728
1.88,0.5490196078431373,0.5127272727272727,0.5882352941176471,0.4745454545454545
1.90,0.49019607843137253,0.45636363636363636,0.5882352941176471,0.43454545454545457
1.92,0.5882352941176471,0.510909090909091,0.5490196078431373,0.4545454545454546
1.94,0.5490196078431373,0.4927272727272728,0.5294117647058824,0.45272727272727276
1.96,0.5686274509803921,0.3909090909090909,0.5686274509803921,0.33090909090909093
1.98,0.5490196078431373,0.4727272727272728,0.47058823529411764,0.4709090909090909
2.00,0.5294117647058824,0.5127272727272727,0.5686274509803921,0.5709090909090909
2.02,0.5294117647058824,0.5127272727272727,0.5098039215686274,0.510909090909091
2.04,0.5490196078431373,0.5527272727272727,0.5490196078431373,0.5527272727272727
2.06,0.5686274509803921,0.5709090909090909,0.6078431372549019,0.5327272727272727
2.08,0.6274509803921569,0.5927272727272728,0.5686274509803921,0.6109090909090908
2.10,0.6078431372549019,0.5927272727272728,0.5882352941176471,0.5909090909090909
2.12,0.5490196078431373,0.5509090909090909,0.5490196078431373,0.530909090909091
2.14,0.5686274509803921,0.5309090909090909,0.5686274509803921,0.510909090909091
2.16,0.5882352941176471,0.5309090909090909,0.5294117647058824,0.43090909090909085
2.18,0.6078431372549019,0.5509090909090909,0.5686274509803921,0.43090909090909085
2.20,0.5294117647058824,0.4709090909090909,0.5882352941176471,0.4890909090909091
2.22,0.5490196078431373,0.45272727272727276,0.6274509803921569,0.450909090909091
2.24,0.5686274509803921,0.5490909090909091,0.5490196078431373,0.509090909090909
2.26,0.5294117647058824,0.5290909090909091,0.5294117647058824,0.4890909090909091
2.28,0.6470588235294118,0.5127272727272727,0.6470588235294118,0.4909090909090909
2.30,0.6470588235294118,0.5709090909090909,0.6078431372549019,0.5327272727272727
2.32,0.6274509803921569,0.3527272727272727,0.47058823529411764,0.3927272727272727
2.34,0.6274509803921569,0.5309090909090909,0.6470588235294118,0.5309090909090909
2.36,0.7058823529411765,0.6290909090909091,0.6862745098039216,0.5690909090909091
2.38,0.7254901960784313,0.6872727272727273,0.7058823529411765,0.649090909090909
2.40,0.7254901960784313,0.6672727272727272,0.7058823529411765,0.6890909090909091
2.42,0.7058823529411765,0.5890909090909091,0.7058823529411765,0.5309090909090909
2.44,0.6862745098039216,0.5890909090909091,0.6470588235294118,0.5309090909090909
2.46,0.6470588235294118,0.5309090909090909,0.6470588235294118,0.5327272727272727
2.48,0.6470588235294118,0.5327272727272727,0.6666666666666666,0.6309090909090909
2.50,0.6078431372549019,0.5727272727272726,0.6666666666666666,0.6127272727272727
2.52,0.5294117647058824,0.4709090909090909,0.6274509803921569,0.5927272727272728
2.54,0.5098039215686274,0.41090909090909095,0.6862745098039216,0.6290909090909091
2.56,0.5294117647058824,0.43454545454545457,0.6666666666666666,0.5945454545454545
2.58,0.47058823529411764,0.43272727272727274,0.7254901960784313,0.649090909090909
2.60,0.47058823529411764,0.41454545454545455,0.7450980392156863,0.6690909090909092
2.62,0.5294117647058824,0.43272727272727274,0.7647058823529411,0.6890909090909091
2.64,0.45098039215686275,0.37454545454545457,0.7254901960784313,0.7054545454545454
2.66,0.5490196078431373,0.4127272727272727,0.7450980392156863,0.7254545454545456
2.68,0.5882352941176471,0.43090909090909085,0.7647058823529411,0.7254545454545456
2.70,0.5294117647058824,0.4127272727272727,0.7647058823529411,0.7454545454545455
2.72,0.5294117647058824,0.510909090909091,0.7843137254901961,0.6836363636363637
2.74,0.6078431372549019,0.509090909090909,0.5686274509803921,0.4909090909090909
2.76,0.5294117647058824,0.5127272727272727,0.6862745098039216,0.6636363636363637
2.78,0.6274509803921569,0.5709090909090909,0.6078431372549019,0.4909090909090909
2.80,0.5882352941176471,0.5909090909090909,0.6862745098039216,0.6036363636363637
2.82,0.5686274509803921,0.6072727272727272,0.7254901960784313,0.6254545454545455
2.84,0.5882352941176471,0.6672727272727272,0.7254901960784313,0.6454545454545454
2.86,0.7058823529411765,0.6254545454545454,0.7058823529411765,0.6654545454545455
2.88,0.6274509803921569,0.6472727272727273,0.6470588235294118,0.5472727272727272
2.90,0.6666666666666666,0.6672727272727272,0.6470588235294118,0.6054545454545456
2.92,0.6470588235294118,0.6472727272727273,0.7058823529411765,0.6054545454545455
2.94,0.6862745098039216,0.6690909090909091,0.6666666666666666,0.6090909090909091
2.96,0.6470588235294118,0.6090909090909091,0.6470588235294118,0.5890909090909091
2.98,0.6470588235294118,0.6090909090909091,0.6470588235294118,0.6272727272727272
3.00,0.6078431372549019,0.6272727272727272,0.7254901960784313,0.6090909090909091
3.02,0.6078431372549019,0.5909090909090909,0.6666666666666666,0.6672727272727272
3.04,0.6470588235294118,0.5690909090909091,0.6666666666666666,0.5890909090909091
3.06,0.6470588235294118,0.5490909090909091,0.7058823529411765,0.5890909090909091
3.08,0.5882352941176471,0.6272727272727272,0.6862745098039216,0.6272727272727272
3.10,0.5882352941176471,0.5472727272727272,0.6666666666666666,0.589090909090909
3.12,0.6078431372549019,0.6090909090909091,0.6470588235294118,0.5690909090909091
3.14,0.6274509803921569,0.6472727272727272,0.6274509803921569,0.5690909090909091
3.16,0.6470588235294118,0.590909090909091,0.6078431372549019,0.6272727272727272
3.18,0.6666666666666666,0.6090909090909091,0.6274509803921569,0.5890909090909091
3.20,0.6666666666666666,0.590909090909091,0.7254901960784313,0.5690909090909091
3.22,0.6470588235294118,0.5890909090909091,0.6666666666666666,0.5290909090909091
3.24,0.6274509803921569,0.590909090909091,0.6078431372549019,0.5909090909090909
3.26,0.6078431372549019,0.530909090909091,0.6274509803921569,0.5290909090909091
3.28,0.6274509803921569,0.5509090909090909,0.6274509803921569,0.4909090909090909
3.30,0.6274509803921569,0.4927272727272728,0.6274509803921569,0.4927272727272727
3.32,0.5686274509803921,0.4909090909090909,0.6078431372549019,0.4927272727272727
3.34,0.5882352941176471,0.509090909090909,0.5686274509803921,0.4909090909090909
3.36,0.6078431372549019,0.509090909090909,0.5882352941176471,0.45090909090909087
3.38,0.5882352941176471,0.510909090909091,0.6470588235294118,0.4909090909090909
3.40,0.6274509803921569,0.5490909090909091,0.6274509803921569,0.530909090909091
3.42,0.6470588235294118,0.5472727272727272,0.6274509803921569,0.4927272727272728
3.44,0.6470588235294118,0.6127272727272728,0.6666666666666666,0.5127272727272727
3.46,0.6274509803921569,0.6327272727272728,0.6274509803921569,0.4727272727272728
3.48,0.6274509803921569,0.5890909090909091,0.6274509803921569,0.509090909090909
3.50,0.6666666666666666,0.6272727272727273,0.6470588235294118,0.5472727272727272
3.52,0.6666666666666666,0.6472727272727272,0.6862745098039216,0.6072727272727273
3.54,0.7058823529411765,0.6472727272727272,0.7058823529411765,0.6272727272727273
3.56,0.6666666666666666,0.6672727272727274,0.6862745098039216,0.6672727272727274
3.58,0.6666666666666666,0.6472727272727272,0.6862745098039216,0.6472727272727273
3.60,0.6862745098039216,0.6672727272727272,0.6862745098039216,0.6672727272727272
3.62,0.7058823529411765,0.6672727272727272,0.6862745098039216,0.6472727272727273
3.64,0.6470588235294118,0.6472727272727272,0.6470588235294118,0.6672727272727272
3.66,0.6862745098039216,0.6672727272727272,0.6862745098039216,0.6272727272727273
3.68,0.6862745098039216,0.6472727272727273,0.7058823529411765,0.6672727272727272
3.70,0.6470588235294118,0.6272727272727273,0.6470588235294118,0.6272727272727273
3.72,0.6862745098039216,0.6272727272727273,0.6862745098039216,0.6272727272727273
3.74,0.6666666666666666,0.6272727272727272,0.6470588235294118,0.6072727272727273
3.76,0.6862745098039216,0.6272727272727272,0.6666666666666666,0.6472727272727273
3.78,0.6862745098039216,0.6072727272727273,0.6862745098039216,0.6072727272727273
3.80,0.6470588235294118,0.5672727272727273,0.6862745098039216,0.6054545454545455
3.82,0.6470588235294118,0.5872727272727273,0.6666666666666666,0.6054545454545455
3.84,0.6666666666666666,0.6272727272727272,0.6666666666666666,0.6290909090909091
3.86,0.6666666666666666,0.6454545454545455,0.6862745098039216,0.6872727272727273
3.88,0.6862745098039216,0.6854545454545454,0.6666666666666666,0.6872727272727273
3.90,0.6862745098039216,0.6854545454545454,0.7254901960784313,0.7054545454545454
3.92,0.6666666666666666,0.6672727272727272,0.7843137254901961,0.7436363636363635
3.94,0.6666666666666666,0.6472727272727272,0.7450980392156863,0.7436363636363635
3.96,0.7450980392156863,0.7236363636363636,0.7647058823529411,0.7236363636363636
3.98,0.7254901960784313,0.7054545454545454,0.7254901960784313,0.7236363636363636
4.00,0.7058823529411765,0.6654545454545454,0.7450980392156863,0.7054545454545454
4.02,0.7647058823529411,0.7454545454545455,0.7254901960784313,0.7054545454545454
4.04,0.7450980392156863,0.7254545454545454,0.7254901960784313,0.7254545454545454
4.06,0.7843137254901961,0.7636363636363637,0.7647058823529411,0.7436363636363635
4.08,0.7058823529411765,0.7254545454545455,0.7843137254901961,0.7454545454545455
4.10,0.7254901960784313,0.7454545454545454,0.7843137254901961,0.7054545454545454
4.12,0.7647058823529411,0.7254545454545455,0.7647058823529411,0.7454545454545455
4.14,0.7450980392156863,0.7254545454545454,0.7450980392156863,0.6854545454545455
4.16,0.7450980392156863,0.7454545454545455,0.7450980392156863,0.7454545454545455
4.18,0.7058823529411765,0.7254545454545456,0.7647058823529411,0.7254545454545454
4.20,0.7254901960784313,0.7454545454545455,0.7843137254901961,0.7654545454545454
4.22,0.7254901960784313,0.7054545454545454,0.7647058823529411,0.7254545454545454
4.24,0.7058823529411765,0.7054545454545454,0.7647058823529411,0.7454545454545455
4.26,0.7254901960784313,0.7054545454545454,0.7647058823529411,0.7054545454545454
4.28,0.7843137254901961,0.7454545454545455,0.7647058823529411,0.7454545454545455
4.30,0.7843137254901961,0.7636363636363637,0.7843137254901961,0.7636363636363637
4.32,0.803921568627451,0.7254545454545456,0.803921568627451,0.6872727272727273
4.34,0.7450980392156863,0.7236363636363636,0.7647058823529411,0.7454545454545455
4.36,0.7254901960784313,0.7036363636363636,0.7647058823529411,0.7036363636363637
4.38,0.7254901960784313,0.7236363636363636,0.7450980392156863,0.7436363636363638
4.40,0.7254901960784313,0.7036363636363637,0.7647058823529411,0.6636363636363636
4.42,0.803921568627451,0.7818181818181819,0.7450980392156863,0.6654545454545455
4.44,0.803921568627451,0.8018181818181818,0.7254901960784313,0.6654545454545454
4.46,0.7843137254901961,0.7436363636363638,0.7450980392156863,0.7054545454545454
4.48,0.7647058823529411,0.7436363636363638,0.7450980392156863,0.6654545454545454
4.50,0.7843137254901961,0.7818181818181819,0.803921568627451,0.7436363636363637
4.52,0.7843137254901961,0.7618181818181817,0.7450980392156863,0.7236363636363637
4.54,0.7647058823529411,0.7254545454545455,0.7647058823529411,0.6672727272727272
4.56,0.7843137254901961,0.7836363636363637,0.7647058823529411,0.7454545454545455
4.58,0.7647058823529411,0.7636363636363637,0.7647058823529411,0.7454545454545455
4.60,0.7843137254901961,0.7636363636363637,0.7254901960784313,0.7272727272727273
4.62,0.7843137254901961,0.7636363636363637,0.7058823529411765,0.7054545454545456
4.64,0.6666666666666666,0.6236363636363637,0.6666666666666666,0.5636363636363637
4.66,0.7058823529411765,0.6890909090909092,0.7058823529411765,0.6490909090909092
4.68,0.7254901960784313,0.7454545454545455,0.6862745098039216,0.7054545454545456
4.70,0.7450980392156863,0.7090909090909092,0.7254901960784313,0.6490909090909092
4.72,0.7254901960784313,0.609090909090909,0.6470588235294118,0.6509090909090909
4.74,0.7058823529411765,0.650909090909091,0.7058823529411765,0.6690909090909091
4.76,0.6274509803921569,0.6509090909090909,0.6862745098039216,0.610909090909091
4.78,0.6274509803921569,0.6309090909090909,0.6862745098039216,0.6690909090909092
4.80,0.6274509803921569,0.5909090909090909,0.6274509803921569,0.5727272727272728
4.82,0.6470588235294118,0.6290909090909091,0.6470588235294118,0.6672727272727272
4.84,0.49019607843137253,0.46909090909090906,0.7058823529411765,0.649090909090909
4.86,0.5294117647058824,0.4636363636363637,0.6470588235294118,0.6872727272727273
4.88,0.6470588235294118,0.6090909090909091,0.6470588235294118,0.6654545454545454
4.90,0.6666666666666666,0.6472727272727272,0.6862745098039216,0.6472727272727272
4.92,0.7254901960784313,0.6672727272727272,0.7058823529411765,0.6672727272727272
4.94,0.7254901960784313,0.7254545454545454,0.7254901960784313,0.7054545454545454
4.96,0.7843137254901961,0.7836363636363637,0.7843137254901961,0.7636363636363636
4.98,0.7647058823529411,0.7636363636363636,0.7450980392156863,0.7454545454545454
5.00,0.7647058823529411,0.7454545454545454,0.7843137254901961,0.7454545454545454
