PC1,PC2,PC3,PC4,Features,Time,Event
0.008690093337237744,-0.7198681625254314,-0.6819607483594716,0.12901104044630549,Head Horizontal,-1.00,NoEvent
-0.1703003721155619,-0.681808535085011,0.710442312225657,-0.03750500955865451,Head Vertical,-1.00,NoEvent
-0.6979374247037814,0.03163147784589913,-0.1735875672515059,-0.6940822410225189,Eye Horizontal,-1.00,NoEvent
-0.6955613680567262,0.1261998402406835,-0.00828342876809327,0.7072477418826627,Eye Vertical,-1.00,NoEvent
-0.06726684523814501,-0.7220814638337434,-0.6739160624251718,0.14110518036123992,Head Horizontal,-0.98,NoEvent
-0.23718681456570737,-0.6559659480883968,0.714090559098008,-0.059378138668689476,Head Vertical,-0.98,NoEvent
-0.6888670718839854,0.10565088424547292,-0.1892754019581382,-0.69171877966824,Eye Horizontal,-0.98,NoEvent
-0.6816742211657001,0.19273018755337434,0.009307869038188659,0.7057539901252738,Eye Vertical,-0.98,NoEvent
-0.13109942294027974,-0.7139008414399999,-0.6788546231572252,0.11097265660534332,Head Horizontal,-0.96,NoEvent
-0.2745106916291117,-0.6401768011637936,0.7127395253467518,-0.08258276116409947,Head Vertical,-0.96,NoEvent
-0.6743204838923818,0.18305542756346346,-0.17564733219726172,-0.6934916078329186,Eye Horizontal,-0.96,NoEvent
-0.6728660390368775,0.21681780896068084,0.017515259590816235,0.7070604973478433,Eye Vertical,-0.96,NoEvent
-0.15849158372801722,-0.7072266014066231,-0.6841184666990442,0.08180999738156385,Head Horizontal,-0.94,NoEvent
-0.28340241256199517,-0.6355341228513754,0.7160472521424202,-0.055279145659669564,Head Vertical,-0.94,NoEvent
-0.6703995459196542,0.20349529962934415,-0.1387563818298116,-0.6999291238125365,Eye Horizontal,-0.94,NoEvent
-0.6671790908535334,0.23348784975482978,-0.002218720833683973,0.7073546225356705,Eye Vertical,-0.94,NoEvent
-0.20493813976108488,-0.704535547938578,-0.6733949832626708,0.09038372131540545,Head Horizontal,-0.92,NoEvent
-0.3422776409619242,-0.5986642525050426,0.7196362165146719,-0.08106074975329618,Head Vertical,-0.92,NoEvent
-0.6480652273905154,0.26114422783728564,-0.16928752649149528,-0.6950948760341562,Eye Horizontal,-0.92,NoEvent
-0.6487355674048447,0.2775508362998283,0.0021554051839248354,0.7085923024431422,Eye Vertical,-0.92,NoEvent
-0.26543805751172367,-0.6796305220092458,-0.6783113571702644,0.08682565238267408,Head Horizontal,-0.90,NoEvent
-0.3648716173118773,-0.5857140394575683,0.7184696819130572,-0.08723005808931206,Head Vertical,-0.90,NoEvent
-0.6300175451190909,0.3092195069746625,-0.1523557174066886,-0.6958799643055935,Eye Horizontal,-0.90,NoEvent
-0.6320516065533989,0.31531684706352936,0.021971669920114373,0.7075332489234016,Eye Vertical,-0.90,NoEvent
-0.3246919505103243,-0.6486400128317643,-0.670558401690348,0.15554003005623937,Head Horizontal,-0.88,NoEvent
-0.3922310634000517,-0.5697040110080173,0.708414624872703,-0.14050214237480077,Head Vertical,-0.88,NoEvent
-0.6104943514683494,0.34466555202114085,-0.19677537125290986,-0.6854062717421554,Eye Horizontal,-0.88,NoEvent
-0.606651940574746,0.36865855590905205,0.09889187255398282,0.6973411573216612,Eye Vertical,-0.88,NoEvent
-0.2999431619815742,0.6625900968050813,-0.6664810825777858,0.1637419609088352,Head Horizontal,-0.86,NoEvent
-0.3796167323481445,0.5767059059388971,0.7094384151821188,-0.14141629906201156,Head Vertical,-0.86,NoEvent
-0.6214853013471981,-0.3212727255780399,-0.20767028041080685,-0.6836760275475048,Eye Horizontal,-0.86,NoEvent
-0.6161828107884822,-0.3537916017526222,0.0968150621748634,0.6969771086299724,Eye Vertical,-0.86,NoEvent
-0.3472535468239567,0.6352709039535368,-0.6585521689772348,0.2053165690917757,Head Horizontal,-0.84,NoEvent
-0.39641576893477315,0.565625265153459,0.7063090680201025,-0.1550809401329045,Head Vertical,-0.84,NoEvent
-0.609591365376916,-0.34026501892365685,-0.2192903502251915,-0.6815642496881005,Eye Horizontal,-0.84,NoEvent
-0.5921721705854992,-0.4008973121723555,0.13909810734178388,0.6850293293071275,Eye Vertical,-0.84,NoEvent
-0.43982840764193637,0.5186576720022992,-0.7139088038005624,0.16697128783226076,Head Horizontal,-0.82,NoEvent
-0.37929319080942697,0.6321660972680332,0.6649950100147833,-0.11951710139534498,Head Vertical,-0.82,NoEvent
-0.5836917395593935,-0.3901054013551878,-0.0890560480241946,-0.7065343228137958,Eye Horizontal,-0.82,NoEvent
-0.5674430371472462,-0.4232942482146032,0.20046165923138615,0.6772337131299224,Eye Vertical,-0.82,NoEvent
-0.4335183600742037,0.5228605698505017,-0.7121518111442475,0.1775343737368905,Head Horizontal,-0.80,NoEvent
-0.35859358318888024,0.6469610063359835,0.6483633406755351,-0.18021397516438892,Head Vertical,-0.80,NoEvent
-0.584482154971694,-0.40355536818883164,-0.11367216189432014,-0.6946958434710063,Eye Horizontal,-0.80,NoEvent
-0.5846820367464503,-0.3810529432799554,0.24401519617085246,0.6733514345135134,Eye Vertical,-0.80,NoEvent
-0.4118283507525774,-0.5503558350517808,-0.7023232103854226,0.18506207740858893,Head Horizontal,-0.78,NoEvent
-0.34829136924662785,-0.6414330335812457,0.6623573120512807,-0.16893660559888113,Head Vertical,-0.78,NoEvent
-0.5989515331141727,0.3768730499661555,-0.12724646994142622,-0.6950051086695943,Eye Horizontal,-0.78,NoEvent
-0.5919016747779167,0.37899712725088686,0.2276691353995121,0.673929039081349,Eye Vertical,-0.78,NoEvent
-0.31217764890031613,-0.646591168497597,-0.63623178505327,0.282265995181695,Head Horizontal,-0.76,NoEvent
-0.37230614525711797,-0.5907785832046771,0.6531736541439604,-0.2928019422112594,Head Vertical,-0.76,NoEvent
-0.6138437019736237,0.3404953803879622,-0.32582255836887314,-0.6333233502246192,Eye Horizontal,-0.76,NoEvent
-0.6221970421644365,0.3419991555282597,0.2498258466974888,0.6584029652588652,Eye Vertical,-0.76,NoEvent
-0.25518030714587336,-0.6761251858974284,-0.6246161922903283,0.2959600584011924,Head Horizontal,-0.74,NoEvent
-0.36292121218457385,-0.595453058669382,0.63889592620928,-0.32486280818361357,Head Vertical,-0.74,NoEvent
-0.6229171443858474,0.3125076895915413,-0.3737931553480242,-0.6120390936789134,Eye Horizontal,-0.74,NoEvent
-0.6443178065377352,0.30104705921600006,0.2488880969771067,0.6574799977937839,Eye Vertical,-0.74,NoEvent
-0.38999903004684305,-0.6025356273675087,-0.6099111769524663,0.3359463209261589,Head Horizontal,-0.72,NoEvent
-0.4170403381148595,-0.5585367779304516,0.6343164687276721,-0.33430022671988896,Head Vertical,-0.72,NoEvent
-0.580282610545246,0.3949413775527246,-0.3582014753186908,-0.6156176599765991,Eye Horizontal,-0.72,NoEvent
-0.5807324726983668,0.41110679117313076,0.3119978794941189,0.6296017190225465,Eye Vertical,-0.72,NoEvent
-0.3273128619615704,-0.6638451621331679,-0.5931096204747073,0.31685464996944934,Head Horizontal,-0.70,NoEvent
-0.4150983848547469,-0.5375365607384026,0.6666744707018402,-0.3070715338075656,Head Vertical,-0.70,NoEvent
-0.5992886280382762,0.3420046437594228,-0.38087690229770926,-0.6154825336653282,Eye Horizontal,-0.70,NoEvent
-0.6011761485534061,0.39165912504230965,0.2422785865710604,0.6530631322243772,Eye Vertical,-0.70,NoEvent
-0.32763708427849547,0.6776185659506413,-0.5657485879856866,0.3367722602541429,Head Horizontal,-0.68,NoEvent
-0.4251681564814349,0.514132804499225,0.6768785984542184,-0.31102228377817676,Head Vertical,-0.68,NoEvent
-0.5985488220635541,-0.3270263160669434,-0.4068055434648014,-0.6077025144034892,Eye Horizontal,-0.68,NoEvent
-0.5946640121328984,-0.4117697500016745,0.2372196196632186,0.648496135458339,Eye Vertical,-0.68,NoEvent
-0.35269258125711395,0.6884816671329146,-0.498846821014898,0.39083600948659686,Head Horizontal,-0.66,NoEvent
-0.46053546166996995,0.4563089575761146,0.6652582658575233,-0.37029807383845315,Head Vertical,-0.66,NoEvent
-0.5773201772891776,-0.3289239748512773,-0.48874272871017993,-0.5653680012131536,Eye Horizontal,-0.66,NoEvent
-0.5746446245858526,-0.4578036129452443,0.2640337743632393,0.6248884487685523,Eye Vertical,-0.66,NoEvent
-0.31346250584392304,0.7093768850398885,-0.5220210673452061,0.3549925318213396,Head Horizontal,-0.64,NoEvent
-0.45990425610240393,0.4661911214996247,0.6630336242460189,-0.36268488605538146,Head Vertical,-0.64,NoEvent
-0.5803005235245553,-0.32754521959599026,-0.4829593584436931,-0.5680807069498119,Eye Horizontal,-0.64,NoEvent
-0.5945423744747468,-0.4149269843307869,0.23373206125522708,0.6478613170806482,Eye Vertical,-0.64,NoEvent
-0.3725689185727917,0.6669647489234243,-0.5203899819219947,0.3815031996225467,Head Horizontal,-0.62,NoEvent
-0.4551634467409256,0.4716677170943291,0.6557692132999844,-0.3745965033070448,Head Vertical,-0.62,NoEvent
-0.5710758796798479,-0.3560699086495741,-0.4676286356011122,-0.5730706928189702,Eye Horizontal,-0.62,NoEvent
-0.5726176536855195,-0.45376404496039774,0.2836978406138974,0.6210658173010977,Eye Vertical,-0.62,NoEvent
-0.4134088901899577,0.6426453912584827,-0.4913395772439676,0.4179538376900713,Head Horizontal,-0.60,NoEvent
-0.459650413014626,0.4583069441433565,0.6499493621847989,-0.3952746758407815,Head Vertical,-0.60,NoEvent
-0.5609931927444259,-0.3635233203715673,-0.4838887183071382,-0.5647912371270656,Eye Horizontal,-0.60,NoEvent
-0.5505462968922838,-0.49478524795131135,0.3193790142203572,0.5916784419459489,Eye Vertical,-0.60,NoEvent
-0.39338264373839166,0.6586351364651333,-0.4979174489690977,0.40438603664203704,Head Horizontal,-0.58,NoEvent
-0.45337066161470563,0.4636329841452866,0.6509787447566456,-0.3946215567789501,Head Vertical,-0.58,NoEvent
-0.5659599815506755,-0.3562157468386952,-0.4830753448033201,-0.5651883334168023,Eye Horizontal,-0.58,NoEvent
-0.5651499253079634,-0.4736608013444241,0.3081283809231491,0.6010889352365756,Eye Vertical,-0.58,NoEvent
-0.3769656952416196,0.6669190453244036,-0.510066739620335,0.39108537779833924,Head Horizontal,-0.56,NoEvent
-0.4435432621676892,0.4758062711750859,0.65466259911266,-0.38509044160971045,Head Vertical,-0.56,NoEvent
-0.5734163838806935,-0.3490957934887156,-0.47126742967060836,-0.5720426447366767,Eye Horizontal,-0.56,NoEvent
-0.5765066260623861,-0.45492802316688624,0.29858970542836316,0.6095283354002804,Eye Vertical,-0.56,NoEvent
-0.3724019426014958,0.66911010853675,-0.5078832170621211,0.3945416247079654,Head Horizontal,-0.54,NoEvent
-0.43430807290750595,0.4832391361971642,0.653714825586862,-0.38796051585531993,Head Vertical,-0.54,NoEvent
-0.5779946441930824,-0.34176641898168625,-0.4709158011268146,-0.5721505172501699,Eye Horizontal,-0.54,NoEvent
-0.5819067642140899,-0.4494077377591443,0.3048768159169519,0.6053654517070135,Eye Vertical,-0.54,NoEvent
-0.2806498486175336,-0.7544957729843828,-0.4639225834871958,0.36979403395704,Head Horizontal,-0.52,NoEvent
-0.42194973392955504,-0.44639402851108906,0.7148270806253753,-0.3342350043771928,Head Vertical,-0.52,NoEvent
-0.6069973628107843,0.23676896425025715,-0.48369677811473005,-0.5844074656864363,Eye Horizontal,-0.52,NoEvent
-0.6121668776146633,0.4188185256482816,0.19958834679559675,0.6403180837277006,Eye Vertical,-0.52,NoEvent
-0.2509392586418995,-0.8237495421196095,-0.3580724272599068,0.36090208806016333,Head Horizontal,-0.50,NoEvent
-0.42267517824073125,-0.34386292967323934,0.7818375108884716,-0.3030413929868679,Head Vertical,-0.50,NoEvent
-0.6135122061484002,0.1432827354005,-0.4992233413651761,-0.5948519866985916,Eye Horizontal,-0.50,NoEvent
-0.618043651434381,0.42739330269719983,0.10625581791180273,0.6512040470475673,Eye Vertical,-0.50,NoEvent
-0.23394119027337218,-0.82958224775343,-0.375291003743739,0.34091271055045913,Head Horizontal,-0.48,NoEvent
-0.4364487344115507,-0.348695678890954,0.775389464137705,-0.2944401546283629,Head Vertical,-0.48,NoEvent
-0.6094708486403753,0.15340632830989778,-0.5002462455692488,-0.5956219244503407,Eye Horizontal,-0.48,NoEvent
-0.6191359353014608,0.4082537399334136,0.08764436780038821,0.6650699528934059,Eye Vertical,-0.48,NoEvent
-0.31161039656038036,-0.8295443397532168,-0.28033692962327844,0.3690072560645323,Head Horizontal,-0.46,NoEvent
-0.4510346146403734,-0.23932287021785176,0.8022065959042463,-0.3094461466469097,Head Vertical,-0.46,NoEvent
-0.595495766843569,0.13627474286550056,-0.5233251461461148,-0.5940915565293611,Eye Horizontal,-0.46,NoEvent
-0.5872406055639224,0.48580854935975654,0.06329751012687625,0.6443073410707228,Eye Vertical,-0.46,NoEvent
-0.33426361852635367,-0.8033483158390358,-0.30919436412572837,0.3837944266936915,Head Horizontal,-0.44,NoEvent
-0.43280031922389384,-0.26342128829375533,0.819353770320836,-0.26823964586612503,Head Vertical,-0.44,NoEvent
-0.6085417025380041,0.14218260641904928,-0.4778427419840791,-0.6173551786752661,Eye Horizontal,-0.44,NoEvent
-0.5750032289313782,0.5148056086952904,0.06873542163290779,0.6321565579722372,Eye Vertical,-0.44,NoEvent
-0.4341100944442754,0.5059068507897054,-0.6458254616868749,-0.37217758833997455,Head Horizontal,-0.42,NoEvent
-0.48503206687143063,0.5462695652497499,0.4666100093875571,0.4986066138025261,Head Vertical,-0.42,NoEvent
-0.49251614175231845,-0.5628436317898425,-0.41047594564885775,0.5216746057751963,Eye Horizontal,-0.42,NoEvent
-0.5776851825358001,-0.3589636006052866,0.4435020521034311,-0.5837215886868611,Eye Vertical,-0.42,NoEvent
-0.4459065176351555,0.44659687015245547,-0.6829604847840767,-0.3678091751493151,Head Horizontal,-0.40,NoEvent
-0.48842417535369825,0.5688764784554066,0.4120837539582659,0.517695235552637,Head Vertical,-0.40,NoEvent
-0.4732689411209134,-0.6101775659045345,-0.3686862675332409,0.5174652486588017,Eye Horizontal,-0.40,NoEvent
-0.5819155538657126,-0.3234410702075813,0.4773074397907194,-0.5735309670737625,Eye Vertical,-0.40,NoEvent
-0.4541520346258095,0.4034630141279462,-0.7094861276622936,0.35720156820875465,Head Horizontal,-0.38,NoEvent
-0.4949650527641223,0.5778205251557065,0.3809012959642042,-0.525401979425071,Head Vertical,-0.38,NoEvent
-0.46616390334851987,-0.6469468929299398,-0.32537057484282883,-0.5082173963665709,Eye Horizontal,-0.38,NoEvent
-0.5757141141246394,-0.29120569133839663,0.49565878022486437,0.5814420673771444,Eye Vertical,-0.38,NoEvent
-0.46981341843418706,-0.06833517475977191,-0.7964953281228345,0.37443403695208133,Head Horizontal,-0.36,NoEvent
-0.4761831303576376,-0.7138468778265724,0.1059199262174545,-0.502447241618605,Head Vertical,-0.36,NoEvent
-0.4906032963098601,0.6947172536900835,-0.017359487491628904,-0.5257137921618906,Eye Horizontal,-0.36,NoEvent
-0.5584204364740644,0.05586480406404308,0.5950418554207884,0.5753007301337159,Eye Vertical,-0.36,NoEvent
-0.4534109885703409,-0.13633002986508103,-0.8019592070336874,0.36427191581914636,Head Horizontal,-0.34,NoEvent
-0.45498909682870786,-0.7431602038637511,0.1754677193790381,-0.4581581742325493,Head Vertical,-0.34,NoEvent
-0.5189891417114704,0.644756827252281,-0.06914798091239653,-0.5569178226928119,Eye Horizontal,-0.34,NoEvent
-0.5639624703792383,0.11582602497602293,0.5668254285452946,0.589270394213423,Eye Vertical,-0.34,NoEvent
-0.305804097677994,-0.8422699891839056,0.2274408686424606,0.38122928853205257,Head Horizontal,-0.32,NoEvent
-0.4453637104000227,0.25055848439826206,0.8102277986859702,-0.2870584010114623,Head Vertical,-0.32,NoEvent
-0.6005317139382714,-0.18768190181769584,-0.48675285425608816,-0.6059775764481772,Eye Horizontal,-0.32,NoEvent
-0.5894884900118359,0.4388362051452487,-0.23425034553059107,0.636437648804721,Eye Vertical,-0.32,NoEvent
-0.2061061883420537,-0.9152433860337309,0.13395235797409905,0.31922805209097727,Head Horizontal,-0.30,NoEvent
-0.4311123657774843,0.14761469164467034,0.8632018634622108,-0.21733516466452701,Head Vertical,-0.30,NoEvent
-0.6182143088840807,-0.14625867832128825,-0.4430153550284706,-0.6325795305854329,Eye Horizontal,-0.30,NoEvent
-0.6240780684272041,0.3451779919807604,-0.2016846645571848,0.6713434400087308,Eye Vertical,-0.30,NoEvent
-0.19435443251422452,-0.9098405718095827,0.1631280535506388,0.3283378238888503,Head Horizontal,-0.28,NoEvent
-0.4275933459018218,0.1710662354732033,0.8629661161361468,-0.20782145226709794,Head Vertical,-0.28,NoEvent
-0.6216053269315446,-0.1724794691181205,-0.42649256259613594,-0.6340045301993039,Eye Horizontal,-0.28,NoEvent
-0.6268948098627758,0.33641835518141633,-0.2162933531014186,0.6686125732203139,Eye Vertical,-0.28,NoEvent
-0.1744731012425233,-0.9061365921632683,0.2082509180417446,0.32420235720970036,Head Horizontal,-0.26,NoEvent
-0.43035069566326456,0.20214234254553848,0.8531517429179184,-0.21463656642907902,Head Vertical,-0.26,NoEvent
-0.6190848569674828,-0.20330059663713948,-0.42259204431949166,-0.6299355295253694,Eye Horizontal,-0.26,NoEvent
-0.6333177366523943,0.3110045290665793,-0.22400808639145373,0.6723133232153016,Eye Vertical,-0.26,NoEvent
-0.11554023957402126,-0.8964263695216609,0.2862468473327862,0.3180140868852094,Head Horizontal,-0.24,NoEvent
-0.4349045742831163,0.2551226835475032,0.8410644806247558,-0.19591060981619235,Head Vertical,-0.24,NoEvent
-0.6169284850673993,-0.26766342197067516,-0.3850418588824371,-0.6320587818864242,Eye Horizontal,-0.24,NoEvent
-0.645683907666316,0.24431224468839857,-0.24983204104319412,0.6789608013311702,Eye Vertical,-0.24,NoEvent
-0.09462538838957836,-0.9061594480275944,0.288852934742207,0.2940834451533481,Head Horizontal,-0.22,NoEvent
-0.41751991819804163,0.25448352038656885,0.852011536109923,-0.18706041295573253,Head Vertical,-0.22,NoEvent
-0.6230541446044338,-0.2597827849057567,-0.3681063352161477,-0.6393857705107173,Eye Horizontal,-0.22,NoEvent
-0.6546194976253454,0.2159307696197899,-0.23481492797554646,0.685353314473626,Eye Vertical,-0.22,NoEvent
-0.11083624610708884,-0.8882316754267845,0.3270767749355703,0.3029531327039928,Head Horizontal,-0.20,NoEvent
-0.4236729690751464,0.2930313704284956,0.8342656909183774,-0.19655683192484105,Head Vertical,-0.20,NoEvent
-0.6196603131042592,-0.2751991670360266,-0.3679454916005893,-0.6363195974013449,Eye Horizontal,-0.20,NoEvent
-0.6513352732560022,0.22235675203600838,-0.24826932042648683,0.6816760089452297,Eye Vertical,-0.20,NoEvent
-0.1012867870312678,-0.9013498121381887,0.31884466618310864,0.27504105471350404,Head Horizontal,-0.18,NoEvent
-0.4052481750748451,0.29255103425470075,0.8484578379256101,-0.17408936273538392,Head Vertical,-0.18,NoEvent
-0.6286669165578429,-0.2502996449457786,-0.34719041700609615,-0.6492971662534845,Eye Horizontal,-0.18,NoEvent
-0.6559670810315448,0.1983242200412604,-0.24065782856228546,0.6873561681542303,Eye Vertical,-0.18,NoEvent
-0.2014462510211265,-0.9018950052357403,-0.28372788697036055,0.25593611241028763,Head Horizontal,-0.16,NoEvent
-0.41713438406050385,0.25336436911341614,-0.8076709156014806,-0.33086718512069335,Head Vertical,-0.16,NoEvent
-0.5985428650649282,-0.1922173199298422,0.49466004596075736,-0.6000919758911608,Eye Horizontal,-0.16,NoEvent
-0.653578420898261,0.292308737319932,0.14992537202522574,0.6818454609701972,Eye Vertical,-0.16,NoEvent
-0.061160320168530624,-0.8708799493178051,0.3168722217340774,0.37070139493453363,Head Horizontal,-0.14,NoEvent
-0.45375448662313406,0.26571758221979025,0.8346199327410462,-0.16404450688754033,Head Vertical,-0.14,NoEvent
-0.6074490392698761,-0.34852990409683615,-0.3423946556945474,-0.6263373455193028,Eye Horizontal,-0.14,NoEvent
-0.6491316860209203,0.22246165135981433,-0.29286082482376047,0.6658614008646605,Eye Vertical,-0.14,NoEvent
-0.36202686675732854,-0.6728123426844365,-0.5069025831799533,0.39913640580989634,Head Horizontal,-0.12,NoEvent
-0.3964852360154582,0.5239206559603551,-0.6755987654617515,-0.3344740826826432,Head Vertical,-0.12,NoEvent
-0.6044068190426207,-0.33276182845417873,0.39647733444919053,-0.6056134789506233,Eye Horizontal,-0.12,NoEvent
-0.5885816871619595,0.4026167697865845,0.35975241839369554,0.6017055190739777,Eye Vertical,-0.12,NoEvent
-0.33475369166341135,-0.7041012883755936,-0.478060736831652,-0.4045235141812206,Head Horizontal,-0.10,NoEvent
-0.4110057997514974,0.4809112848148748,-0.700318219373101,0.3306855913438428,Head Vertical,-0.10,NoEvent
-0.603847290283084,-0.33348886311400805,0.40783799118639663,0.5981820802579662,Eye Horizontal,-0.10,NoEvent
-0.5953004690961755,0.4021826575381655,0.33864508922928627,-0.607606751945944,Eye Vertical,-0.10,NoEvent
-0.2481617500702058,-0.796753176654776,-0.4247869555456077,-0.35093612480180847,Head Horizontal,-0.08,NoEvent
-0.4114333085316583,0.39551080237566594,-0.7594612582786754,0.312269811234806,Head Vertical,-0.08,NoEvent
-0.6081461494516968,-0.300273734199483,0.42078908152947325,0.6024371289375806,Eye Horizontal,-0.08,NoEvent
-0.6318992319506814,0.34437082519368456,0.25634193655671617,-0.645291334962676,Eye Vertical,-0.08,NoEvent
-0.24855937672254413,-0.8328183708995105,0.31014745985508424,0.3852795744404626,Head Horizontal,-0.06,NoEvent
-0.4091735207635812,0.35868961607117167,0.8249792088131216,-0.15273537329226008,Head Vertical,-0.06,NoEvent
-0.6350476221355208,-0.23761217508974752,-0.3329767239775352,-0.6552720604133278,Eye Horizontal,-0.06,NoEvent
-0.6062258521122761,0.34827542931438454,-0.3351781011055214,0.6315457878142504,Eye Vertical,-0.06,NoEvent
-0.13193757558465188,-0.8454943809123356,0.2950561387754066,0.4250571761133532,Head Horizontal,-0.04,NoEvent
-0.4361192064228416,0.3119878149889856,0.8385022317122551,-0.09683825949012957,Head Vertical,-0.04,NoEvent
-0.6306618925054047,-0.32472849408891197,-0.28180765663332286,-0.6460661166870493,Eye Horizontal,-0.04,NoEvent
-0.6282181876382257,0.28697431988038924,-0.361165235103479,0.6265359697594225,Eye Vertical,-0.04,NoEvent
-0.1980504330234562,-0.8124210442446909,0.3038188168823069,0.45655470576462376,Head Horizontal,-0.02,NoEvent
-0.4419681604285354,0.36131061338454296,0.8159062262280478,-0.09173775572471654,Head Vertical,-0.02,NoEvent
-0.6325831007991903,-0.3151314853790737,-0.27634090311319975,-0.6512806405633758,Eye Horizontal,-0.02,NoEvent
-0.6043829843153423,0.3318415803464499,-0.4069728022572544,0.5991456517793726,Eye Vertical,-0.02,NoEvent
-0.20061665019485472,-0.739631198947839,0.26860567875886,0.5835663103247728,Head Horizontal,0.00,StagEventNew
-0.5664162894911123,0.3099320691081888,0.7493710463109098,-0.14682552396749213,Head Vertical,0.00,StagEventNew
-0.5554407930060962,-0.4525261544534123,-0.3508229423903043,-0.6030164741472441,Eye Horizontal,0.00,StagEventNew
-0.574813945662833,0.3900101045061585,-0.4931706473240196,0.5237019752422444,Eye Vertical,0.00,StagEventNew
-0.24797061785131896,-0.7778311408237982,0.2649696125237766,0.5131085591628569,Head Horizontal,0.02,StagEventNew
-0.4572252620851441,0.3788339712537224,0.802314850199478,-0.06099805804035505,Head Vertical,0.02,StagEventNew
-0.6346547414891796,-0.31811200451612665,-0.26120025767851746,-0.6540585119671712,Eye Horizontal,0.02,StagEventNew
-0.5715496404503372,0.38764454229566303,-0.46675090891937726,0.5524548002799974,Eye Vertical,0.02,StagEventNew
-0.2300466263381923,-0.7902407853841773,0.235149370552168,0.5170133696092715,Head Horizontal,0.04,StagEventNew
-0.4701937394395413,0.36195148973743557,0.8046287378578584,-0.021944490925556254,Head Vertical,0.04,StagEventNew
-0.6326399654835463,-0.3209939152639954,-0.24333500081900555,-0.6614511756833474,Eye Horizontal,0.04,StagEventNew
-0.5707565778642013,0.37612966721031194,-0.48791950680271395,0.5428609003698851,Eye Vertical,0.04,StagEventNew
-0.23084602196000908,-0.7806992068591433,0.17008231304447524,0.5552394702686262,Head Horizontal,0.06,StagEventNew
-0.49395397219505477,0.3469169435266862,0.7963526137519619,0.03847885415715346,Head Vertical,0.06,StagEventNew
-0.6316787013191071,-0.33366158276138425,-0.2142708052618721,-0.6661381151843835,Eye Horizontal,0.06,StagEventNew
-0.5510912862655085,0.3985314678827434,-0.5394279779287394,0.49647610208061826,Eye Vertical,0.06,StagEventNew
-0.4494889560622736,-0.6413434454143503,0.14524721195483123,0.6046002901268295,Head Horizontal,0.08,StagEventNew
-0.41173001141693855,0.4871171875627899,0.7697629463582563,0.02569532434863408,Head Vertical,0.08,StagEventNew
-0.6614815199100563,-0.22862865834393128,-0.18611396826232804,-0.6895888095227367,Eye Horizontal,0.08,StagEventNew
-0.4368984720666083,0.5469226336410136,-0.593068161892757,0.3978259836488657,Eye Vertical,0.08,StagEventNew
-0.5680032302013894,-0.4752222771650912,0.18497512668940283,0.646003343855937,Head Horizontal,0.10,StagEventNew
-0.34993108781417387,0.5642585056130311,0.7404182325529495,-0.10460121188449348,Head Vertical,0.10,StagEventNew
-0.6791764367180677,-0.18572644490159881,-0.2721075380569216,-0.6558830255493454,Eye Horizontal,0.10,StagEventNew
-0.3060064248817749,0.6490622572554869,-0.5861079517819283,0.376238917438747,Eye Vertical,0.10,StagEventNew
-0.6624529880282919,0.3089752520078478,0.269511411403947,0.6269401338422408,Head Horizontal,0.12,StagEventNew
-0.16984552250360102,-0.6388496398729933,0.7289355207330837,-0.17797933232039415,Head Vertical,0.12,StagEventNew
-0.7181406200596507,-0.0075924622170583525,-0.3243068451445926,-0.6156634425805899,Eye Horizontal,0.12,StagEventNew
-0.12877339382887448,-0.7045195425240638,-0.5392973909903528,0.44297624238154787,Eye Vertical,0.12,StagEventNew
-0.0848117795344986,-0.7429776107054993,0.310916424511193,0.5866193050111076,Head Horizontal,0.14,StagEventNew
-0.563064470677169,0.2590501810850746,0.7681830467067604,-0.16045626286670533,Head Vertical,0.14,StagEventNew
-0.5075485510132244,-0.5411820195399483,-0.3133338920756821,-0.5927380215303761,Eye Horizontal,0.14,StagEventNew
-0.6466527911310731,0.29664675187299994,-0.4637323104962606,0.5280087277000176,Eye Vertical,0.14,StagEventNew
-0.7148588826297365,-0.17271083665862397,0.309579554896477,0.6027505653387161,Head Horizontal,0.16,StagEventNew
0.30023201052723986,-0.5655290197319311,0.744666151883244,-0.18844094548482154,Head Vertical,0.16,StagEventNew
-0.5141267609759516,-0.5261079700698504,-0.34046119985844725,-0.585636618448936,Eye Horizontal,0.16,StagEventNew
0.36675767398721526,-0.6111941578342357,-0.48344492222014984,0.5081451733317364,Eye Vertical,0.16,StagEventNew
-0.695064947984469,-0.21581784549797325,0.2480367356885835,0.6393630841680743,Head Horizontal,0.18,StagEventNew
0.349315926841099,-0.5377467580970837,0.7611740727434713,-0.0970610034686314,Head Vertical,0.18,StagEventNew
-0.4734216499620855,-0.5798243045698168,-0.26961464081025605,-0.6057917650794383,Eye Horizontal,0.18,StagEventNew
0.41320097130290967,-0.5727607332480272,-0.5351632967542014,0.4634763700240703,Eye Vertical,0.18,StagEventNew
-0.6787828889678542,0.26606864255028057,0.2097258122283302,0.65151849611586,Head Horizontal,0.20,StagEventNew
-0.11398698526018818,-0.6586376423118961,0.7386068081923334,-0.0875408830950096,Head Vertical,0.20,StagEventNew
-0.7195572125665382,-0.05677578460631262,-0.23867368514079734,-0.6496528304772656,Eye Horizontal,0.20,StagEventNew
-0.09218554484961956,-0.7015557311173614,-0.5945670177519203,0.3818526454782668,Eye Vertical,0.20,StagEventNew
-0.6409947613468753,-0.36102403258254234,0.30427256795524266,0.6051492115285483,Head Horizontal,0.22,StagEventNew
0.4442242973527504,-0.46456043499359595,0.7443949621865479,-0.18089918781272438,Head Vertical,0.22,StagEventNew
-0.3474619269739571,-0.6495440848449946,-0.3400726043803874,-0.5845624987085325,Eye Horizontal,0.22,StagEventNew
0.5206348997818542,-0.48159914034316786,-0.48748842900232053,0.5092706556819367,Eye Vertical,0.22,StagEventNew
-0.669709453994708,-0.21497798741670152,0.19118023490458036,0.6846340847037958,Head Horizontal,0.24,StagEventNew
0.32558224943420977,-0.5786979058162292,0.744346739802314,-0.07108349740226497,Head Vertical,0.24,StagEventNew
-0.5069118797235973,-0.5605044377587195,-0.27097687221038286,-0.5961934721002478,Eye Horizontal,0.24,StagEventNew
0.4341955691604415,-0.5520217151371473,-0.579628832490736,0.41325131613088534,Eye Vertical,0.24,StagEventNew
-0.6535525517218811,-0.2450637045932839,0.12898177703949562,0.7043980011474815,Head Horizontal,0.26,StagEventNew
0.29375446647707965,-0.6443199557512416,0.7015333608835671,-0.08006904278740075,Head Vertical,0.26,StagEventNew
-0.5765178116928499,-0.44163267853988825,-0.23782575859888672,-0.6450013167377529,Eye Horizontal,0.26,StagEventNew
0.3926889206018819,-0.5742439834751577,-0.6592826050382372,0.2852818006342274,Eye Vertical,0.26,StagEventNew
-0.6451266753836462,-0.2576602191861807,0.08053414369534341,0.7147985981076281,Head Horizontal,0.28,StagEventNew
0.3017557983719669,-0.6529843283080388,0.6934410830620129,-0.04116271923449672,Head Vertical,0.28,StagEventNew
-0.5708597379311228,-0.4493709367380485,-0.21351079534176629,-0.6531447474311531,Eye Horizontal,0.28,StagEventNew
0.40850235062548895,-0.5525291301354133,-0.6834228971095178,0.246516801844594,Eye Vertical,0.28,StagEventNew
-0.5940902083606128,-0.36264737072153685,-0.051677937589163156,0.7161515898225254,Head Horizontal,0.30,StagEventNew
0.29003233536863027,-0.7479398142062489,0.5893423982585521,-0.09561807559556322,Head Vertical,0.30,StagEventNew
-0.58828998326902,-0.34659667038088315,-0.26106611382098066,-0.6823709606076687,Eye Horizontal,0.30,StagEventNew
0.4656747409469387,-0.4346765083539299,-0.7627905430691964,0.11114835191507785,Eye Vertical,0.30,StagEventNew
-0.575452185108329,-0.4004201844952475,-0.07822955923750065,0.7088008144495521,Head Horizontal,0.32,StagEventNew
0.31808844838729206,-0.7420703560272014,0.5820610115718691,-0.0967279924125417,Head Vertical,0.32,StagEventNew
-0.5838726532713406,-0.34551963515958944,-0.23698382078499017,-0.6953758517285578,Eye Horizontal,0.32,StagEventNew
0.4762008467217377,-0.4118390999815819,-0.7739016627166443,0.06853849832228763,Eye Vertical,0.32,StagEventNew
-0.6128506548154445,-0.29394860749817786,-0.08038362300307034,0.7290725369913913,Head Horizontal,0.34,StagEventNew
0.30115927136285925,-0.7453616486821025,0.5944817982986486,0.018179588490798742,Head Vertical,0.34,StagEventNew
-0.5727130788397716,-0.41713313167658944,-0.21228954497127303,-0.673002844629531,Eye Horizontal,0.34,StagEventNew
0.4535602468144032,-0.42898738825455146,-0.7714032756868452,0.12324735083482118,Eye Vertical,0.34,StagEventNew
-0.5962191397795948,-0.29160161361698916,-0.17314271348832858,0.727676327127897,Head Horizontal,0.36,StagEventNew
0.3091572260084583,-0.7868659925306015,0.5302344042612759,0.06414979301039091,Head Vertical,0.36,StagEventNew
-0.5619284987446169,-0.4202286488053136,-0.21375176531376436,-0.6796722944530921,Eye Horizontal,0.36,StagEventNew
0.4828880918658646,-0.345280018909377,-0.801987069801526,0.0664645706165818,Eye Vertical,0.36,StagEventNew
-0.6198174465970817,-0.2721248877861664,-0.125634578240184,0.7252519087128629,Head Horizontal,0.38,StagEventNew
0.3058353517731606,-0.7309483032451833,0.6031498158555457,0.09159484277073864,Head Vertical,0.38,StagEventNew
-0.574107809921224,-0.43764683038890284,-0.1362373236860652,-0.6784577113371626,Eye Horizontal,0.38,StagEventNew
0.43896616394332283,-0.44735654156489174,-0.7758000025900303,0.07290533322941532,Eye Vertical,0.38,StagEventNew
-0.6014698589848371,-0.31115096772227047,-0.25667869139975297,0.6895905548943997,Head Horizontal,0.40,StagEventNew
0.2922781747665249,-0.7411101646071501,0.5881201938755531,0.1394411346299729,Head Vertical,0.40,StagEventNew
-0.5887704568308694,-0.39388217613606724,-0.03661686239887517,-0.7048867894020626,Eye Horizontal,0.40,StagEventNew
0.45404496082555373,-0.44586727904587814,-0.7660873920938486,-0.09030864133621143,Eye Vertical,0.40,StagEventNew
-0.5204927397042967,-0.40408366032681875,-0.5620332509825159,0.49992232212816784,Head Horizontal,0.42,StagEventNew
0.30939411524419896,-0.842743504173094,0.4244026694519788,0.11807218888607089,Head Vertical,0.42,StagEventNew
-0.590692774065607,-0.2815605110383408,0.08069546852210877,-0.7518603371973436,Eye Horizontal,0.42,StagEventNew
0.5333335129485604,-0.2173095954042582,-0.7053291716014986,-0.4133311788374171,Eye Vertical,0.42,StagEventNew
-0.5346015900071263,-0.15584358876847848,-0.7152576079004344,0.4222800849461914,Head Horizontal,0.44,StagEventNew
0.31473149034291903,-0.9013441215285087,0.12149512961433899,0.27159123154572196,Head Vertical,0.44,StagEventNew
-0.5615819383542073,-0.4014847528198646,0.08289098715677252,-0.7187244284255819,Eye Horizontal,0.44,StagEventNew
0.5475134294816058,-0.04584259677347606,-0.6832090251663245,-0.4809916098952622,Eye Vertical,0.44,StagEventNew
-0.5443853083156787,-0.1001324078254265,-0.7059091675732516,0.44193934440052435,Head Horizontal,0.46,StagEventNew
0.29369429088107957,-0.9036903195942994,0.08869708103803803,0.2986976692087588,Head Vertical,0.46,StagEventNew
-0.5630361944503531,-0.41430787721940054,0.04622894602076028,-0.713583990265076,Eye Horizontal,0.46,StagEventNew
0.548068009769561,-0.04082021617520416,-0.7012046488017468,-0.45416649713234203,Eye Vertical,0.46,StagEventNew
-0.5311772221108831,-0.24019558977136332,-0.6804642563805732,0.4439878750071746,Head Horizontal,0.48,StagEventNew
0.29108131026454176,-0.9090110269597714,0.22294315940159098,0.19815895477181225,Head Vertical,0.48,StagEventNew
-0.5806374436301913,-0.3265771300197727,0.08509339616651472,-0.7409228375016487,Eye Horizontal,0.48,StagEventNew
0.5440428187007342,-0.09670785732285848,-0.6928375404041842,-0.4632937991802424,Eye Vertical,0.48,StagEventNew
-0.5431085854792485,-0.04858120417964616,-0.6985764807519738,0.4633182831697586,Head Horizontal,0.50,StagEventNew
0.2961703478607065,-0.9132880252313322,0.018310932103875903,0.2790211780181006,Head Vertical,0.50,StagEventNew
-0.5709665548794174,-0.40361483762791095,-0.002180273259593459,-0.7149038414110237,Eye Horizontal,0.50,StagEventNew
0.5397345483067835,0.025296490193380858,-0.7152977399056898,-0.4431657119337879,Eye Vertical,0.50,StagEventNew
-0.525010533889174,-0.1001777834244751,-0.766214476353518,0.35671238728121973,Head Horizontal,0.52,StagEventNew
0.28594812320928764,-0.9336095484730257,0.025911499158929183,0.21432563086205164,Head Vertical,0.52,StagEventNew
-0.5777105074459619,-0.3427396456894041,0.09886446676895363,-0.7341702269022637,Eye Horizontal,0.52,StagEventNew
0.5557411085433751,0.029447546262023696,-0.6344050659067365,-0.5364838065086359,Eye Vertical,0.52,StagEventNew
-0.5257468749467745,-0.06776384859920971,-0.7716472837953369,0.351509251255216,Head Horizontal,0.54,StagEventNew
0.29005056466426393,-0.9333357226247001,-0.019707084111953415,0.21063411320670394,Head Vertical,0.54,StagEventNew
-0.5756279553559959,-0.3466951884691721,0.08765405235553905,-0.7353717906002737,Eye Horizontal,0.54,StagEventNew
0.5550795892791569,0.0639916868661647,-0.6296736197052686,-0.5397247874842972,Eye Vertical,0.54,StagEventNew
-0.5167339844373853,-0.04398344549129902,-0.7955288374726528,0.3133453599458405,Head Horizontal,0.56,StagEventNew
0.2865128616852135,-0.9365650389507285,-0.05817825569477426,0.19331735170047365,Head Vertical,0.56,StagEventNew
-0.5808603071942458,-0.3357926589439907,0.10683922686173827,-0.733777877377833,Eye Horizontal,0.56,StagEventNew
0.559908629101768,0.09030323658241783,-0.5935777446277023,-0.5709755805661129,Eye Vertical,0.56,StagEventNew
-0.5439394101756821,0.047889908153122454,-0.7478562637709089,0.37755460994859263,Head Horizontal,0.58,StagEventNew
0.25538447804499437,-0.9326997226734138,-0.13715112410577845,0.21456832211476373,Head Vertical,0.58,StagEventNew
-0.5748962562913851,-0.3322398357539747,0.019498605371025587,-0.7474829699925661,Eye Horizontal,0.58,StagEventNew
0.5553404189626102,0.13188811758530428,-0.6492460106028561,-0.5026750055677266,Eye Vertical,0.58,StagEventNew
-0.541890111003776,0.06449453089945362,-0.751975567811257,0.36976791166258915,Head Horizontal,0.60,StagEventNew
0.2503876177257687,-0.9347257016113514,-0.16822203473054645,0.18787030278332104,Head Vertical,0.60,StagEventNew
-0.5799813982519526,-0.31047722093191227,0.021122042716163733,-0.7528474827450801,Eye Horizontal,0.60,StagEventNew
0.5543308814847321,0.1604126351433181,-0.6370148756171626,-0.5110744647907854,Eye Vertical,0.60,StagEventNew
-0.5317253262057926,0.05821678773766821,-0.7617897712188707,0.3654522233659983,Head Horizontal,0.62,StagEventNew
0.25362265825034563,-0.9392033146301942,-0.17759298495189835,0.1484365612157607,Head Vertical,0.62,StagEventNew
-0.5912038396694567,-0.28435002074143034,0.029129400685235667,-0.7541714418354482,Eye Horizontal,0.62,StagEventNew
0.5508373123286613,0.18344755413336136,-0.6223251193531358,-0.5250111389781457,Eye Vertical,0.62,StagEventNew
-0.5295562411893009,0.07926850862051263,-0.7696529454626996,0.34773701916696986,Head Horizontal,0.64,StagEventNew
0.23768134390101234,-0.9348180440686139,-0.1678189335583224,0.20361632740152905,Head Vertical,0.64,StagEventNew
-0.5909963655522428,-0.31854289966892096,0.03945572906821497,-0.7400655122475651,Eye Horizontal,0.64,StagEventNew
0.5601794909517014,0.13550700755062828,-0.6147474233566447,-0.5384444208069507,Eye Vertical,0.64,StagEventNew
-0.5274123892435431,0.08313261266515042,-0.781438528155679,0.3229225403990396,Head Horizontal,0.66,StagEventNew
0.23609768585384924,-0.932367474089847,-0.1697918885913684,0.21475448903888314,Head Vertical,0.66,StagEventNew
-0.5887377736729946,-0.32919649474479185,0.0582057427960772,-0.7359548853047069,Eye Horizontal,0.66,StagEventNew
0.5652272890240172,0.12413512725464496,-0.5976090969756226,-0.5549522043708032,Eye Vertical,0.66,StagEventNew
-0.5234013454016034,0.05787246061878402,-0.7852615479633646,0.32567792560119746,Head Horizontal,0.68,StagEventNew
0.2518278682325583,-0.9320608750233295,-0.14750703473133678,0.21467865459090046,Head Vertical,0.68,StagEventNew
-0.5875750091756877,-0.3374736305342545,0.06286869887505109,-0.7327446239911817,Eye Horizontal,0.68,StagEventNew
0.5633732022429072,0.11842656900671458,-0.5980413887823374,-0.557613019979953,Eye Vertical,0.68,StagEventNew
-0.5240396494809332,0.06036507192138386,-0.7857814777445248,0.32293338801904337,Head Horizontal,0.70,StagEventNew
0.2563165186861886,-0.934583526300209,-0.168804895738288,0.1798899157586262,Head Vertical,0.70,StagEventNew
-0.5882550667311226,-0.3155434077333924,0.06317387659070542,-0.7418877244015185,Eye Horizontal,0.70,StagEventNew
0.5600359492797374,0.15278104691417513,-0.5916599003861247,-0.5594249274864619,Eye Vertical,0.70,StagEventNew
-0.5326224534416302,0.04307868460318384,-0.7596492876092065,0.3706622571256796,Head Horizontal,0.72,StagEventNew
0.2580291316174196,-0.9392352518246749,-0.15254954158682715,0.16729239770010107,Head Vertical,0.72,StagEventNew
-0.5880180049464198,-0.29995143122362494,0.029020901686497885,-0.750614249818796,Eye Horizontal,0.72,StagEventNew
0.5513339416228706,0.16127773426483266,-0.6315214837689826,-0.5207696158410301,Eye Vertical,0.72,StagEventNew
-0.5242145777305037,0.014408974240357099,-0.7580956032861417,0.3876628873575493,Head Horizontal,0.74,StagEventNew
0.2941686411543062,-0.9296237859428564,-0.1285613093113578,0.1809320781919275,Head Vertical,0.74,StagEventNew
-0.5849408593796406,-0.3318345061200061,0.01985474495806373,-0.7398214924418931,Eye Horizontal,0.74,StagEventNew
0.5445255531969706,0.15961785181709404,-0.6390374285822558,-0.5192737507016976,Eye Vertical,0.74,StagEventNew
-0.5124045789447331,0.02341361547298045,-0.7799715984207175,0.3585214857494389,Head Horizontal,0.76,StagEventNew
0.3125399318016648,-0.9214817599351761,-0.15412087072541847,0.1715718926369366,Head Vertical,0.76,StagEventNew
-0.5844497630873321,-0.3411192125008564,0.035691988619611155,-0.7353789766088876,Eye Horizontal,0.76,StagEventNew
0.5460575179713609,0.18428470251230808,-0.6054891781132405,-0.548856256842044,Eye Vertical,0.76,StagEventNew
-0.5118720155197437,-0.02496462151681658,-0.7872815014504821,0.34285805353550053,Head Horizontal,0.78,StagEventNew
0.32486197460201793,-0.9243580435454558,-0.10878296944081607,0.1679082200195508,Head Vertical,0.78,StagEventNew
-0.577499201684061,-0.3445654817879303,0.06534434896525412,-0.7372241293343774,Eye Horizontal,0.78,StagEventNew
0.5467599191964475,0.16190615728128155,-0.6033939170159247,-0.5574547227379842,Eye Vertical,0.78,StagEventNew
-0.5211057072665983,-0.07602168641846613,-0.7520727320988788,0.3963031045571033,Head Horizontal,0.80,StagEventNew
0.3221483623333224,-0.9298788492675863,-0.03776801332212767,0.17354923076881462,Head Vertical,0.80,StagEventNew
-0.5770074272902712,-0.3400242153402577,0.043539698140854954,-0.741316569705485,Eye Horizontal,0.80,StagEventNew
0.5401219337816219,0.11802356485517451,-0.6565550072071877,-0.5131025797031689,Eye Vertical,0.80,StagEventNew
-0.5204413502921905,-0.08541524827368888,-0.7468421326994377,0.405057854007723,Head Horizontal,0.82,StagEventNew
0.3266822432824869,-0.9309168880226519,-0.03461896111918953,0.15960572373562143,Head Vertical,0.82,StagEventNew
-0.5780661886567264,-0.33188305226558557,0.036981775152053344,-0.7445303683916241,Eye Horizontal,0.82,StagEventNew
0.5368975641235952,0.12629973307748527,-0.6630691552640547,-0.5060915711609105,Eye Vertical,0.82,StagEventNew
-0.5173009250467078,-0.06491986085397307,-0.7451375359030962,0.4158788491866151,Head Horizontal,0.84,StagEventNew
0.33501698489840515,-0.9268036581818834,-0.06414576792657642,0.15711116913628495,Head Vertical,0.84,StagEventNew
-0.5806242753940349,-0.3368013348634599,0.018862771448329683,-0.7410023667375372,Eye Horizontal,0.84,StagEventNew
0.532013931771109,0.15292237142279425,-0.6635507282029461,-0.5032656910829654,Eye Vertical,0.84,StagEventNew
-0.5126665961533499,-0.06577549026447381,-0.7412864419482325,0.42818332178254725,Head Horizontal,0.86,StagEventNew
0.3364272556038278,-0.9293251010616442,-0.07307741635790314,0.13353370152173652,Head Vertical,0.86,StagEventNew
-0.5891417144301698,-0.320440662142602,0.0074340782986671615,-0.7417375255733936,Eye Horizontal,0.86,StagEventNew
0.5262145030248555,0.171307394653134,-0.6671572803185415,-0.4986514179879839,Eye Vertical,0.86,StagEventNew
0.5164559341952586,-0.05138395512900899,-0.7429527637069164,0.4226749910866004,Head Horizontal,0.88,StagEventNew
-0.3311530985262621,-0.9304949095332737,-0.09505756560352455,0.12442229659772076,Head Vertical,0.88,StagEventNew
0.5874505195688124,-0.30949736390126353,0.004375025573630603,-0.7477259711603784,Eye Horizontal,0.88,StagEventNew
-0.5277431007879599,0.18907748207053346,-0.6625451752695936,-0.4967603205486122,Eye Vertical,0.88,StagEventNew
0.5217094879781814,-0.06325012050124405,-0.7281142111131506,0.4400776385880069,Head Horizontal,0.90,StagEventNew
-0.3217720181574165,-0.930997055453275,-0.04998485251967869,0.16495079747252164,Head Vertical,0.90,StagEventNew
0.5864985928184057,-0.3336375859484664,0.003147665305966422,-0.7380348596561218,Eye Horizontal,0.90,StagEventNew
-0.5294349621119451,0.13390245044953236,-0.6836236554543605,-0.48417708781018487,Eye Vertical,0.90,StagEventNew
0.5326229734285951,-0.040614208506454114,0.70009758435352,0.47384240695176544,Head Horizontal,0.92,StagEventNew
-0.3124545200309991,-0.9297971117047602,0.05810506848204936,0.1856698817643316,Head Vertical,0.92,StagEventNew
0.5857817962162717,-0.3415146451517635,0.031542614254558704,-0.7343245180807271,Eye Horizontal,0.92,StagEventNew
-0.5249234499523899,0.13113185837067096,0.7109797724865666,-0.4491854522636336,Eye Vertical,0.92,StagEventNew
0.546592027023819,-0.05421521890050054,0.6498108413648113,0.5253986452954745,Head Horizontal,0.94,StagEventNew
-0.31245900943006794,-0.9242256521737076,0.008378226188728277,0.21933106623548893,Head Vertical,0.94,StagEventNew
0.5793904570576555,-0.36719413581820004,0.06778351677796725,-0.7244864110143528,Eye Horizontal,0.94,StagEventNew
-0.5176033439715155,0.08964441156246943,0.7570211824142687,-0.3885480500031189,Eye Vertical,0.94,StagEventNew
0.5433976584092808,-0.0367997020070252,-0.6584786922910092,0.5193944344775239,Head Horizontal,0.96,StagEventNew
-0.32186010585230435,-0.9193864926944191,-0.03846105292925454,0.22283468473146392,Head Vertical,0.96,StagEventNew
0.5786879810917759,-0.3744217853841398,-0.07031187359438061,-0.7210997071149906,Eye Horizontal,0.96,StagEventNew
-0.5159896100077771,0.11481544152683382,-0.7483199847912274,-0.40073599428186785,Eye Vertical,0.96,StagEventNew
0.5428075804111379,-0.047721003981644534,-0.6461063842213283,0.5344428656981316,Head Horizontal,0.98,StagEventNew
-0.339903373940981,-0.9131075427581266,-0.034001526092979587,0.2225852824539437,Head Vertical,0.98,StagEventNew
0.5751835513119283,-0.3858089901267567,-0.0811570627952612,-0.716748796019928,Eye Horizontal,0.98,StagEventNew
-0.5089101191093982,0.12291763207356386,-0.7581582734826784,-0.3887129773280667,Eye Vertical,0.98,StagEventNew
0.5444467672019344,-0.03481465864686113,-0.630026460757004,0.5526593127530453,Head Horizontal,1.00,StagEventNew
-0.35271165101166524,-0.9076176390046024,-0.06266728884996137,0.2188550285383723,Head Vertical,1.00,StagEventNew
0.5727086783360453,-0.387157621788086,-0.11012856749587202,-0.7141326517330514,Eye Horizontal,1.00,StagEventNew
-0.5011755966550719,0.15851541503086347,-0.7661665408222329,-0.3697089615353124,Eye Vertical,1.00,StagEventNew
